frame,face_id,timestamp,confidence,success,AU01_r,AU02_r,AU04_r,AU05_r,AU06_r,AU07_r,AU09_r,AU10_r,AU12_r,AU14_r,AU15_r,AU17_r,AU20_r,AU23_r,AU25_r,AU26_r,AU45_r,AU01_c,AU02_c,AU04_c,AU05_c,AU06_c,AU07_c,AU09_c,AU10_c,AU12_c,AU14_c,AU15_c,AU17_c,AU20_c,AU23_c,AU25_c,AU26_c,AU28_c,AU45_c
1,0,0.031,0.00,0,0.00,0.00,0.00,0.00,0.00,0.00,0.00,0.00,0.00,0.00,0.00,0.00,0.00,0.00,0.00,0.00,0.00,0.0,0.0,0.0,0.0,0.0,0.0,0.0,0.0,0.0,0.0,0.0,0.0,0.0,0.0,0.0,0.0,0.0,0.0
2,0,0.263,0.00,0,0.00,0.00,0.00,0.00,0.00,0.00,0.00,0.00,0.00,0.00,0.00,0.00,0.00,0.00,0.00,0.00,0.00,0.0,0.0,0.0,0.0,0.0,0.0,0.0,0.0,0.0,0.0,0.0,0.0,0.0,0.0,0.0,0.0,0.0,0.0
3,0,0.297,0.00,0,0.00,0.00,0.00,0.00,0.00,0.00,0.00,0.00,0.00,0.00,0.00,0.00,0.00,0.00,0.00,0.00,0.00,0.0,0.0,0.0,0.0,0.0,0.0,0.0,0.0,0.0,0.0,0.0,0.0,0.0,0.0,0.0,0.0,0.0,0.0
4,0,0.330,0.00,0,0.00,0.00,0.00,0.00,0.00,0.00,0.00,0.00,0.00,0.00,0.00,0.00,0.00,0.00,0.00,0.00,0.00,0.0,0.0,0.0,0.0,0.0,0.0,0.0,0.0,0.0,0.0,0.0,0.0,0.0,0.0,0.0,0.0,0.0,0.0
5,0,0.363,0.00,0,0.00,0.00,0.00,0.00,0.00,0.00,0.00,0.00,0.00,0.00,0.00,0.00,0.00,0.00,0.00,0.00,0.00,0.0,0.0,0.0,0.0,0.0,0.0,0.0,0.0,0.0,0.0,0.0,0.0,0.0,0.0,0.0,0.0,0.0,0.0
6,0,0.397,0.00,0,0.00,0.00,0.00,0.00,0.00,0.00,0.00,0.00,0.00,0.00,0.00,0.00,0.00,0.00,0.00,0.00,0.00,0.0,0.0,0.0,0.0,0.0,0.0,0.0,0.0,0.0,0.0,0.0,0.0,0.0,0.0,0.0,0.0,0.0,0.0
7,0,0.431,0.00,0,0.00,0.00,0.00,0.00,0.00,0.00,0.00,0.00,0.00,0.00,0.00,0.00,0.00,0.00,0.00,0.00,0.00,0.0,0.0,0.0,0.0,0.0,0.0,0.0,0.0,0.0,0.0,0.0,0.0,0.0,0.0,0.0,0.0,0.0,0.0
8,0,0.464,0.00,0,0.00,0.00,0.00,0.00,0.00,0.00,0.00,0.00,0.00,0.00,0.00,0.00,0.00,0.00,0.00,0.00,0.00,0.0,0.0,0.0,0.0,0.0,0.0,0.0,0.0,0.0,0.0,0.0,0.0,0.0,0.0,0.0,0.0,0.0,0.0
9,0,0.499,0.00,0,0.00,0.00,0.00,0.00,0.00,0.00,0.00,0.00,0.00,0.00,0.00,0.00,0.00,0.00,0.00,0.00,0.00,0.0,0.0,0.0,0.0,0.0,0.0,0.0,0.0,0.0,0.0,0.0,0.0,0.0,0.0,0.0,0.0,0.0,0.0
10,0,0.530,0.00,0,0.00,0.00,0.00,0.00,0.00,0.00,0.00,0.00,0.00,0.00,0.00,0.00,0.00,0.00,0.00,0.00,0.00,0.0,0.0,0.0,0.0,0.0,0.0,0.0,0.0,0.0,0.0,0.0,0.0,0.0,0.0,0.0,0.0,0.0,0.0
11,0,0.584,0.00,0,0.00,0.00,0.00,0.00,0.00,0.00,0.00,0.00,0.00,0.00,0.00,0.00,0.00,0.00,0.00,0.00,0.00,0.0,0.0,0.0,0.0,0.0,0.0,0.0,0.0,0.0,0.0,0.0,0.0,0.0,0.0,0.0,0.0,0.0,0.0
12,0,0.629,0.00,0,0.00,0.00,0.00,0.00,0.00,0.00,0.00,0.00,0.00,0.00,0.00,0.00,0.00,0.00,0.00,0.00,0.00,0.0,0.0,0.0,0.0,0.0,0.0,0.0,0.0,0.0,0.0,0.0,0.0,0.0,0.0,0.0,0.0,0.0,0.0
13,0,0.665,0.00,0,0.00,0.00,0.00,0.00,0.00,0.00,0.00,0.00,0.00,0.00,0.00,0.00,0.00,0.00,0.00,0.00,0.00,0.0,0.0,0.0,0.0,0.0,0.0,0.0,0.0,0.0,0.0,0.0,0.0,0.0,0.0,0.0,0.0,0.0,0.0
14,0,0.697,0.00,0,0.00,0.00,0.00,0.00,0.00,0.00,0.00,0.00,0.00,0.00,0.00,0.00,0.00,0.00,0.00,0.00,0.00,0.0,0.0,0.0,0.0,0.0,0.0,0.0,0.0,0.0,0.0,0.0,0.0,0.0,0.0,0.0,0.0,0.0,0.0
15,0,0.732,0.00,0,0.00,0.00,0.00,0.00,0.00,0.00,0.00,0.00,0.00,0.00,0.00,0.00,0.00,0.00,0.00,0.00,0.00,0.0,0.0,0.0,0.0,0.0,0.0,0.0,0.0,0.0,0.0,0.0,0.0,0.0,0.0,0.0,0.0,0.0,0.0
16,0,0.765,0.00,0,0.00,0.00,0.00,0.00,0.00,0.00,0.00,0.00,0.00,0.00,0.00,0.00,0.00,0.00,0.00,0.00,0.00,0.0,0.0,0.0,0.0,0.0,0.0,0.0,0.0,0.0,0.0,0.0,0.0,0.0,0.0,0.0,0.0,0.0,0.0
17,0,0.797,0.00,0,0.00,0.00,0.00,0.00,0.00,0.00,0.00,0.00,0.00,0.00,0.00,0.00,0.00,0.00,0.00,0.00,0.00,0.0,0.0,0.0,0.0,0.0,0.0,0.0,0.0,0.0,0.0,0.0,0.0,0.0,0.0,0.0,0.0,0.0,0.0
18,0,0.829,0.00,0,0.00,0.00,0.00,0.00,0.00,0.00,0.00,0.00,0.00,0.00,0.00,0.00,0.00,0.00,0.00,0.00,0.00,0.0,0.0,0.0,0.0,0.0,0.0,0.0,0.0,0.0,0.0,0.0,0.0,0.0,0.0,0.0,0.0,0.0,0.0
19,0,0.864,0.00,0,0.00,0.00,0.00,0.00,0.00,0.00,0.00,0.00,0.00,0.00,0.00,0.00,0.00,0.00,0.00,0.00,0.00,0.0,0.0,0.0,0.0,0.0,0.0,0.0,0.0,0.0,0.0,0.0,0.0,0.0,0.0,0.0,0.0,0.0,0.0
20,0,0.899,0.00,0,0.00,0.00,0.00,0.00,0.00,0.00,0.00,0.00,0.00,0.00,0.00,0.00,0.00,0.00,0.00,0.00,0.00,0.0,0.0,0.0,0.0,0.0,0.0,0.0,0.0,0.0,0.0,0.0,0.0,0.0,0.0,0.0,0.0,0.0,0.0
21,0,0.930,0.00,0,0.00,0.00,0.00,0.00,0.00,0.00,0.00,0.00,0.00,0.00,0.00,0.00,0.00,0.00,0.00,0.00,0.00,0.0,0.0,0.0,0.0,0.0,0.0,0.0,0.0,0.0,0.0,0.0,0.0,0.0,0.0,0.0,0.0,0.0,0.0
22,0,0.962,0.00,0,0.00,0.00,0.00,0.00,0.00,0.00,0.00,0.00,0.00,0.00,0.00,0.00,0.00,0.00,0.00,0.00,0.00,0.0,0.0,0.0,0.0,0.0,0.0,0.0,0.0,0.0,0.0,0.0,0.0,0.0,0.0,0.0,0.0,0.0,0.0
23,0,0.996,0.00,0,0.00,0.00,0.00,0.00,0.00,0.00,0.00,0.00,0.00,0.00,0.00,0.00,0.00,0.00,0.00,0.00,0.00,0.0,0.0,0.0,0.0,0.0,0.0,0.0,0.0,0.0,0.0,0.0,0.0,0.0,0.0,0.0,0.0,0.0,0.0
24,0,1.029,0.00,0,0.00,0.00,0.00,0.00,0.00,0.00,0.00,0.00,0.00,0.00,0.00,0.00,0.00,0.00,0.00,0.00,0.00,0.0,0.0,0.0,0.0,0.0,0.0,0.0,0.0,0.0,0.0,0.0,0.0,0.0,0.0,0.0,0.0,0.0,0.0
25,0,1.070,0.03,1,0.00,0.00,0.00,0.00,0.00,0.00,0.00,0.00,0.00,0.00,0.00,0.00,0.00,0.00,0.00,0.00,0.00,0.0,0.0,0.0,0.0,0.0,0.0,0.0,0.0,0.0,0.0,0.0,0.0,0.0,0.0,0.0,0.0,0.0,0.0
26,0,1.297,0.00,0,0.00,0.00,0.00,0.00,0.00,0.00,0.00,0.00,0.00,0.00,0.00,0.00,0.00,0.00,0.00,0.00,0.00,0.0,0.0,0.0,0.0,0.0,0.0,0.0,0.0,0.0,0.0,0.0,0.0,0.0,0.0,0.0,0.0,0.0,0.0
27,0,1.430,0.00,0,0.00,0.00,0.00,0.00,0.00,0.00,0.00,0.00,0.00,0.00,0.00,0.00,0.00,0.00,0.00,0.00,0.00,0.0,0.0,0.0,0.0,0.0,0.0,0.0,0.0,0.0,0.0,0.0,0.0,0.0,0.0,0.0,0.0,0.0,0.0
28,0,1.563,0.03,0,0.00,0.00,0.00,0.00,0.00,0.00,0.00,0.00,0.00,0.00,0.00,0.00,0.00,0.00,0.00,0.00,0.00,0.0,0.0,0.0,0.0,0.0,0.0,0.0,0.0,0.0,0.0,0.0,0.0,0.0,0.0,0.0,0.0,0.0,0.0
29,0,2.098,0.00,0,0.00,0.00,0.00,0.00,0.00,0.00,0.00,0.00,0.00,0.00,0.00,0.00,0.00,0.00,0.00,0.00,0.00,0.0,0.0,0.0,0.0,0.0,0.0,0.0,0.0,0.0,0.0,0.0,0.0,0.0,0.0,0.0,0.0,0.0,0.0
30,0,2.197,0.03,0,0.00,0.00,0.00,0.00,0.00,0.00,0.00,0.00,0.00,0.00,0.00,0.00,0.00,0.00,0.00,0.00,0.00,0.0,0.0,0.0,0.0,0.0,0.0,0.0,0.0,0.0,0.0,0.0,0.0,0.0,0.0,0.0,0.0,0.0,0.0
31,0,2.663,0.00,0,0.00,0.00,0.00,0.00,0.00,0.00,0.00,0.00,0.00,0.00,0.00,0.00,0.00,0.00,0.00,0.00,0.00,0.0,0.0,0.0,0.0,0.0,0.0,0.0,0.0,0.0,0.0,0.0,0.0,0.0,0.0,0.0,0.0,0.0,0.0
32,0,2.762,0.03,0,0.00,0.00,0.00,5.00,0.00,0.00,0.00,0.00,0.08,0.00,5.00,5.00,0.00,0.28,5.00,0.00,0.00,1.0,0.0,0.0,0.0,0.0,0.0,0.0,0.0,0.0,0.0,0.0,1.0,0.0,0.0,1.0,0.0,1.0,0.0
33,0,3.331,0.00,0,0.00,0.00,0.00,0.00,0.00,0.00,0.00,0.00,0.00,0.00,0.00,0.00,0.00,0.00,0.00,0.00,0.00,0.0,0.0,0.0,0.0,0.0,0.0,0.0,0.0,0.0,0.0,0.0,0.0,0.0,0.0,0.0,0.0,0.0,0.0
34,0,3.396,0.93,1,0.00,0.00,0.13,5.00,0.00,0.00,0.00,0.00,0.00,0.00,5.00,5.00,0.00,0.73,5.00,0.00,0.00,1.0,0.0,0.0,0.0,0.0,0.0,0.0,0.0,0.0,0.0,0.0,1.0,0.0,1.0,1.0,0.0,1.0,0.0
35,0,3.629,0.93,1,0.43,0.44,0.41,0.35,0.00,0.00,0.49,0.07,0.00,0.00,0.17,0.47,0.31,0.54,0.54,0.51,0.66,0.0,0.0,0.0,0.0,0.0,0.0,0.0,0.0,0.0,0.0,0.0,0.0,0.0,1.0,0.0,0.0,0.0,0.0
36,0,3.696,0.93,1,0.28,0.29,0.29,0.22,0.00,0.00,0.52,0.00,0.00,0.00,0.25,0.43,0.36,0.65,0.90,0.39,0.33,0.0,0.0,0.0,0.0,0.0,0.0,0.0,0.0,0.0,0.0,0.0,0.0,0.0,1.0,1.0,0.0,0.0,0.0
37,0,3.764,0.93,1,0.39,0.84,0.34,0.18,0.00,0.00,0.32,0.47,0.00,0.00,0.79,1.11,0.74,1.01,0.87,1.02,0.12,0.0,0.0,0.0,0.0,0.0,0.0,0.0,0.0,0.0,0.0,0.0,1.0,0.0,1.0,0.0,0.0,0.0,0.0
38,0,3.828,0.93,1,0.17,0.50,0.22,0.14,0.00,0.00,0.42,0.00,0.00,0.00,0.63,1.21,0.16,0.90,0.86,0.89,0.00,0.0,0.0,0.0,0.0,0.0,0.0,0.0,0.0,0.0,0.0,0.0,1.0,0.0,1.0,1.0,0.0,0.0,0.0
39,0,3.897,0.98,1,0.40,0.51,0.35,0.64,0.00,0.00,0.50,0.19,0.00,0.00,0.30,0.43,0.00,0.57,0.42,0.47,0.68,0.0,0.0,0.0,0.0,0.0,0.0,0.0,0.0,0.0,0.0,0.0,0.0,0.0,1.0,0.0,0.0,0.0,0.0
40,0,3.963,0.98,1,0.50,0.59,0.39,0.38,0.00,0.00,0.53,0.10,0.00,0.00,0.00,0.10,0.53,0.65,0.26,0.42,0.64,0.0,0.0,0.0,0.0,0.0,0.0,0.0,0.0,0.0,0.0,0.0,0.0,0.0,1.0,0.0,0.0,0.0,0.0
41,0,4.029,0.98,1,0.25,0.49,0.52,0.54,0.00,0.32,0.39,0.00,0.00,0.00,0.00,0.35,0.11,0.76,0.45,0.88,0.58,0.0,0.0,0.0,0.0,0.0,0.0,0.0,0.0,0.0,0.0,0.0,0.0,0.0,1.0,0.0,0.0,0.0,0.0
42,0,4.096,0.98,1,3.63,3.64,0.47,0.43,0.00,0.53,3.32,0.21,0.01,0.25,0.43,0.44,1.78,0.26,0.01,3.90,3.29,0.0,0.0,0.0,0.0,0.0,0.0,0.0,0.0,0.0,0.0,0.0,0.0,0.0,1.0,0.0,0.0,0.0,0.0
43,0,4.169,0.98,1,3.51,3.34,0.23,0.30,0.01,0.39,3.45,0.11,0.00,0.01,0.15,0.00,2.14,0.02,0.18,3.46,3.39,0.0,0.0,0.0,0.0,0.0,0.0,0.0,0.0,0.0,0.0,0.0,0.0,0.0,1.0,0.0,0.0,0.0,0.0
44,0,4.228,0.98,1,3.15,3.36,0.37,0.46,0.18,0.29,3.44,0.01,0.14,0.02,0.00,0.07,2.06,0.22,0.00,3.39,3.97,0.0,0.0,0.0,0.0,0.0,0.0,0.0,0.0,0.0,0.0,0.0,0.0,0.0,1.0,0.0,0.0,0.0,0.0
45,0,4.296,0.98,1,3.29,3.44,0.45,0.37,0.00,0.31,3.37,0.03,0.02,0.04,0.35,0.47,2.16,0.28,0.12,3.49,3.61,0.0,0.0,0.0,0.0,0.0,0.0,0.0,0.0,0.0,0.0,0.0,0.0,0.0,1.0,0.0,0.0,0.0,0.0
46,0,4.363,0.98,1,2.97,2.90,0.26,0.19,0.23,0.43,3.45,0.26,0.02,0.31,0.24,0.92,2.19,0.63,0.00,3.19,3.19,0.0,0.0,0.0,0.0,0.0,0.0,0.0,0.0,0.0,0.0,0.0,1.0,0.0,1.0,0.0,0.0,0.0,0.0
47,0,4.429,0.93,1,3.14,3.33,0.18,0.43,0.39,0.29,3.55,0.02,0.21,0.00,0.33,0.29,2.06,0.40,0.00,3.78,3.25,0.0,0.0,0.0,0.0,0.0,0.0,0.0,0.0,0.0,0.0,0.0,0.0,0.0,1.0,0.0,0.0,0.0,0.0
48,0,4.496,0.98,1,3.30,4.01,0.05,0.49,0.26,0.75,3.46,0.26,0.17,0.17,0.88,0.66,2.28,0.87,0.34,3.64,3.25,0.0,0.0,0.0,0.0,0.0,0.0,0.0,0.0,0.0,0.0,0.0,0.0,0.0,1.0,0.0,0.0,0.0,0.0
49,0,4.563,0.93,1,3.14,3.45,0.07,0.58,0.38,0.33,3.35,0.38,0.05,0.19,0.89,1.19,2.05,0.89,0.32,3.66,3.83,0.0,0.0,0.0,0.0,0.0,0.0,0.0,0.0,0.0,0.0,0.0,1.0,0.0,1.0,0.0,0.0,0.0,0.0
50,0,4.628,0.98,1,3.21,3.44,0.05,0.43,0.42,0.43,3.60,0.34,0.36,0.00,0.62,0.61,1.68,0.72,0.44,4.11,3.44,0.0,0.0,0.0,0.0,0.0,0.0,0.0,0.0,0.0,0.0,0.0,0.0,0.0,1.0,0.0,0.0,0.0,0.0
51,0,4.696,0.98,1,3.45,3.49,0.10,0.61,0.56,0.36,3.56,0.05,0.36,0.31,0.58,0.52,1.77,0.61,0.28,3.71,3.62,0.0,0.0,0.0,0.0,0.0,0.0,0.0,0.0,0.0,0.0,0.0,0.0,0.0,1.0,0.0,0.0,0.0,0.0
52,0,4.795,0.93,1,0.33,0.43,0.12,0.38,0.53,0.11,0.41,0.18,0.38,0.00,0.34,0.31,0.19,0.42,0.32,0.44,1.01,0.0,0.0,0.0,0.0,0.0,0.0,0.0,0.0,0.0,0.0,0.0,0.0,0.0,1.0,0.0,0.0,0.0,0.0
53,0,4.895,0.93,1,0.51,0.86,0.00,0.58,0.42,0.11,0.54,0.17,0.24,0.02,0.80,0.75,0.04,0.51,0.01,0.34,0.98,0.0,0.0,0.0,0.0,0.0,0.0,0.0,0.0,0.0,0.0,0.0,0.0,0.0,0.0,0.0,0.0,0.0,0.0
54,0,4.962,0.88,1,0.65,1.07,0.01,0.64,0.41,0.04,0.44,0.01,0.11,0.01,0.65,0.61,0.37,0.50,0.20,0.37,1.57,0.0,0.0,0.0,0.0,0.0,0.0,0.0,0.0,0.0,0.0,0.0,0.0,0.0,1.0,0.0,0.0,0.0,0.0
55,0,5.028,0.88,1,0.65,0.92,0.00,0.63,0.41,0.46,0.56,0.07,0.19,0.00,0.75,0.51,0.18,0.51,0.57,0.49,1.43,0.0,0.0,0.0,0.0,0.0,0.0,0.0,0.0,0.0,0.0,0.0,0.0,0.0,1.0,0.0,0.0,0.0,0.0
56,0,5.095,0.88,1,0.63,0.96,0.00,0.64,0.47,0.00,0.48,0.60,0.10,0.00,0.60,0.62,0.07,0.42,0.38,0.15,1.07,0.0,0.0,0.0,0.0,0.0,0.0,0.0,0.0,0.0,0.0,0.0,0.0,0.0,1.0,0.0,0.0,0.0,0.0
57,0,5.164,0.88,1,0.36,0.51,0.04,0.09,0.40,0.01,0.42,0.40,0.26,0.16,0.42,0.65,0.02,0.41,0.32,0.23,0.76,0.0,0.0,0.0,0.0,0.0,0.0,0.0,0.0,0.0,0.0,0.0,0.0,0.0,1.0,0.0,0.0,0.0,0.0
58,0,5.228,0.88,1,0.40,0.59,0.07,0.54,0.50,0.44,0.48,0.49,0.36,0.02,0.75,0.61,0.33,0.45,0.64,0.17,1.13,0.0,0.0,0.0,0.0,0.0,0.0,0.0,0.0,0.0,0.0,0.0,0.0,0.0,1.0,0.0,0.0,0.0,0.0
59,0,5.295,0.88,1,0.30,0.58,0.06,0.43,0.46,0.32,0.25,0.19,0.39,0.06,0.49,0.48,0.50,0.13,0.34,0.02,1.20,0.0,0.0,0.0,0.0,0.0,0.0,0.0,0.0,0.0,0.0,0.0,0.0,0.0,1.0,0.0,0.0,0.0,0.0
60,0,5.362,0.88,1,0.42,1.05,0.28,0.60,0.55,0.34,0.38,0.24,0.50,0.10,0.22,0.47,0.59,0.00,0.23,0.12,1.28,0.0,0.0,0.0,0.0,0.0,0.0,0.0,0.0,0.0,0.0,0.0,0.0,0.0,0.0,0.0,0.0,0.0,0.0
61,0,5.431,0.88,1,0.50,0.86,0.06,0.14,0.40,0.58,0.28,0.04,0.40,0.16,0.46,0.77,0.37,0.31,0.36,0.41,1.17,0.0,0.0,0.0,0.0,0.0,0.0,0.0,0.0,0.0,0.0,0.0,1.0,0.0,1.0,0.0,0.0,0.0,0.0
62,0,5.496,0.88,1,0.23,0.70,0.00,0.38,0.17,0.00,0.19,0.47,0.32,0.00,0.20,0.16,0.36,0.36,0.25,0.15,1.05,0.0,1.0,0.0,0.0,0.0,0.0,0.0,0.0,0.0,0.0,0.0,0.0,0.0,1.0,0.0,0.0,0.0,0.0
63,0,5.563,0.88,1,0.21,0.01,0.09,0.04,0.17,0.00,0.34,0.59,0.20,0.06,0.65,0.09,0.41,0.03,0.42,0.42,0.91,0.0,0.0,0.0,0.0,0.0,0.0,0.0,0.0,0.0,0.0,0.0,0.0,0.0,1.0,0.0,0.0,0.0,0.0
64,0,5.629,0.88,1,0.05,0.37,0.06,0.45,0.22,0.28,0.36,0.43,0.28,0.14,0.38,0.19,0.48,0.09,0.78,0.25,0.75,0.0,0.0,0.0,0.0,0.0,0.0,0.0,0.0,0.0,0.0,0.0,0.0,0.0,1.0,0.0,0.0,0.0,0.0
65,0,5.695,0.88,1,0.01,0.26,0.06,0.15,0.34,0.32,0.06,0.31,0.39,0.13,0.25,0.34,0.44,0.35,0.64,0.54,0.58,0.0,0.0,0.0,0.0,0.0,0.0,0.0,0.0,0.0,0.0,0.0,1.0,0.0,1.0,0.0,0.0,0.0,0.0
66,0,5.762,0.88,1,0.04,0.57,0.14,1.32,0.05,0.01,0.02,0.70,0.20,0.38,0.07,0.20,0.20,0.24,0.69,0.76,0.36,0.0,0.0,0.0,1.0,0.0,0.0,0.0,0.0,0.0,0.0,0.0,0.0,0.0,1.0,1.0,0.0,0.0,0.0
67,0,5.828,0.88,1,0.00,0.49,0.01,1.09,0.15,0.00,0.15,0.59,0.29,0.22,0.03,0.31,0.44,0.31,0.81,0.68,0.27,0.0,0.0,0.0,1.0,0.0,0.0,0.0,0.0,0.0,0.0,0.0,0.0,0.0,1.0,1.0,0.0,0.0,0.0
68,0,5.895,0.88,1,0.07,0.57,0.00,1.00,0.10,0.00,0.12,0.28,0.22,0.05,0.27,0.11,0.79,0.23,0.80,0.64,0.09,0.0,0.0,0.0,1.0,0.0,0.0,0.0,0.0,0.0,0.0,0.0,0.0,0.0,1.0,1.0,0.0,0.0,0.0
69,0,5.962,0.88,1,0.00,0.74,0.01,1.12,0.08,0.01,0.10,0.51,0.30,0.19,0.13,0.06,0.25,0.24,0.28,0.71,0.19,0.0,0.0,0.0,1.0,0.0,0.0,0.0,0.0,0.0,0.0,0.0,0.0,0.0,1.0,0.0,0.0,0.0,0.0
70,0,6.029,0.88,1,0.00,0.33,0.20,1.44,0.04,0.29,0.30,0.43,0.15,0.11,0.23,0.24,0.67,0.18,0.78,0.75,0.15,0.0,0.0,0.0,0.0,0.0,0.0,0.0,0.0,0.0,0.0,0.0,0.0,0.0,1.0,1.0,0.0,0.0,0.0
71,0,6.097,0.88,1,0.12,0.23,0.00,1.15,0.18,0.29,0.15,0.46,0.31,0.00,0.02,0.06,0.43,0.37,0.90,0.32,0.01,0.0,0.0,0.0,1.0,0.0,0.0,0.0,0.0,0.0,0.0,0.0,0.0,0.0,1.0,1.0,0.0,0.0,0.0
72,0,6.162,0.88,1,0.32,0.12,0.04,1.44,0.09,0.00,0.00,0.32,0.22,0.00,0.00,0.14,0.86,0.35,0.70,0.20,0.30,0.0,0.0,0.0,1.0,0.0,0.0,0.0,0.0,0.0,0.0,0.0,0.0,0.0,1.0,0.0,0.0,0.0,0.0
73,0,6.229,0.88,1,0.20,0.30,0.00,1.46,0.10,0.00,0.06,0.48,0.26,0.11,0.16,0.36,0.77,0.27,0.68,0.07,0.10,0.0,0.0,0.0,1.0,0.0,0.0,0.0,0.0,0.0,0.0,0.0,0.0,0.0,1.0,0.0,0.0,0.0,0.0
74,0,6.297,0.88,1,0.41,0.20,0.00,0.95,0.29,0.02,0.06,0.45,0.32,0.52,0.06,0.39,0.98,0.21,0.52,0.41,0.04,0.0,0.0,0.0,1.0,0.0,0.0,0.0,0.0,0.0,0.0,0.0,1.0,0.0,1.0,0.0,0.0,0.0,0.0
75,0,6.361,0.88,1,0.68,0.27,0.01,1.09,0.17,0.08,0.07,0.53,0.38,0.25,0.24,0.27,0.47,0.30,0.41,0.72,0.00,0.0,0.0,0.0,1.0,0.0,0.0,0.0,0.0,0.0,0.0,0.0,0.0,0.0,1.0,0.0,0.0,0.0,0.0
76,0,6.430,0.88,1,0.32,0.15,0.19,1.13,0.16,0.12,0.23,0.42,0.37,0.11,0.21,0.25,0.35,0.07,0.36,0.10,0.19,0.0,0.0,0.0,1.0,0.0,0.0,0.0,0.0,0.0,0.0,0.0,0.0,0.0,0.0,0.0,0.0,0.0,0.0
77,0,6.494,0.88,1,0.43,0.34,0.18,0.99,0.25,0.03,0.12,0.06,0.37,0.13,0.13,0.40,0.53,0.16,0.54,0.41,0.46,0.0,0.0,0.0,0.0,0.0,0.0,0.0,0.0,0.0,0.0,0.0,1.0,0.0,1.0,0.0,0.0,0.0,0.0
78,0,6.561,0.88,1,0.57,0.59,0.13,0.91,0.29,0.01,0.03,0.00,0.49,0.15,0.16,0.34,0.42,0.05,0.42,0.39,0.30,0.0,0.0,0.0,0.0,0.0,0.0,0.0,0.0,0.0,0.0,0.0,0.0,0.0,1.0,1.0,0.0,0.0,0.0
79,0,6.628,0.88,1,0.47,0.33,0.06,0.92,0.36,0.41,0.17,0.13,0.46,0.38,0.26,0.09,0.75,0.25,0.33,0.23,0.00,0.0,0.0,0.0,0.0,0.0,0.0,0.0,0.0,0.0,0.0,0.0,0.0,0.0,1.0,0.0,0.0,0.0,0.0
80,0,6.728,0.88,1,0.53,0.45,0.04,0.65,0.28,0.24,0.28,0.00,0.18,0.10,0.32,0.21,0.80,0.34,0.32,0.41,0.14,0.0,0.0,0.0,1.0,0.0,0.0,0.0,0.0,0.0,0.0,0.0,0.0,0.0,1.0,0.0,0.0,0.0,0.0
81,0,6.797,0.88,1,0.42,0.80,0.12,0.55,0.40,0.29,0.19,0.51,0.43,0.00,0.23,0.12,0.62,0.26,0.53,0.47,0.53,0.0,0.0,0.0,0.0,0.0,0.0,0.0,0.0,0.0,0.0,0.0,0.0,0.0,1.0,0.0,0.0,0.0,0.0
82,0,6.897,0.93,1,0.56,0.59,0.18,0.00,0.27,0.12,0.14,0.16,0.41,0.34,0.00,0.27,0.88,0.63,0.00,0.97,0.20,0.0,0.0,0.0,0.0,0.0,0.0,0.0,0.0,0.0,0.0,0.0,0.0,0.0,1.0,0.0,0.0,0.0,0.0
83,0,6.961,0.98,1,0.70,0.19,0.12,0.00,0.00,0.50,0.18,0.64,0.00,0.93,0.13,0.44,0.68,0.71,0.00,0.46,0.76,0.0,0.0,0.0,0.0,0.0,0.0,0.0,0.0,0.0,0.0,1.0,0.0,0.0,1.0,0.0,0.0,0.0,0.0
84,0,7.028,0.93,1,1.36,0.88,0.35,0.00,0.00,0.02,0.24,1.07,0.00,0.63,0.17,0.00,0.26,0.00,0.30,0.77,1.52,0.0,0.0,0.0,0.0,0.0,0.0,0.0,0.0,0.0,0.0,0.0,0.0,0.0,1.0,0.0,0.0,0.0,1.0
85,0,7.094,0.98,1,1.38,0.64,0.44,0.00,0.00,0.11,0.18,0.94,0.42,0.31,0.00,0.00,0.00,0.00,0.63,0.62,1.71,1.0,0.0,0.0,0.0,0.0,0.0,0.0,0.0,0.0,0.0,0.0,0.0,0.0,1.0,0.0,0.0,0.0,1.0
86,0,7.162,0.98,1,1.34,1.04,0.31,0.00,0.20,0.27,0.28,0.99,0.37,0.75,0.00,0.00,0.02,0.20,0.46,0.85,1.27,1.0,0.0,1.0,0.0,0.0,0.0,0.0,0.0,0.0,0.0,0.0,0.0,0.0,0.0,0.0,0.0,0.0,1.0
87,0,7.228,0.93,1,1.13,0.92,0.34,0.00,0.19,0.36,0.24,1.46,0.13,1.05,0.30,0.10,0.82,0.91,0.49,0.29,0.62,0.0,1.0,1.0,0.0,0.0,0.0,0.0,0.0,0.0,0.0,1.0,0.0,0.0,1.0,0.0,0.0,0.0,0.0
88,0,7.295,0.98,1,1.24,1.18,0.09,0.59,0.24,0.21,0.54,1.82,0.10,1.86,0.00,0.38,1.15,1.06,0.00,0.68,0.35,1.0,1.0,1.0,0.0,0.0,0.0,0.0,1.0,0.0,0.0,1.0,0.0,0.0,1.0,0.0,0.0,0.0,0.0
89,0,7.361,0.93,1,1.24,0.96,0.25,0.47,0.41,0.05,0.81,1.94,0.19,1.67,0.59,0.13,0.65,0.67,0.77,0.00,0.00,1.0,1.0,1.0,0.0,0.0,0.0,1.0,1.0,0.0,0.0,1.0,0.0,0.0,1.0,1.0,0.0,0.0,0.0
90,0,7.427,0.93,1,1.14,0.57,0.00,0.74,0.52,0.61,1.08,1.53,0.50,1.70,0.29,0.00,0.26,0.80,0.14,0.00,0.00,0.0,1.0,1.0,0.0,0.0,0.0,1.0,1.0,0.0,0.0,0.0,0.0,0.0,1.0,0.0,0.0,0.0,0.0
91,0,7.495,0.98,1,1.24,1.02,0.00,0.57,0.49,0.10,0.88,1.29,0.56,1.73,0.74,0.00,0.81,0.97,0.36,0.00,0.00,0.0,1.0,1.0,0.0,0.0,0.0,1.0,1.0,0.0,0.0,0.0,0.0,0.0,1.0,0.0,0.0,0.0,0.0
92,0,7.561,0.98,1,1.47,1.44,0.00,0.90,0.36,0.00,1.25,1.28,0.57,2.49,0.78,0.00,0.36,1.35,0.28,0.00,0.00,0.0,1.0,1.0,1.0,0.0,0.0,1.0,0.0,0.0,0.0,1.0,0.0,0.0,0.0,0.0,0.0,0.0,0.0
93,0,7.630,0.98,1,1.37,1.05,0.00,1.17,0.00,0.03,0.94,1.17,0.19,2.55,0.95,0.00,0.40,1.93,0.00,0.00,0.00,0.0,0.0,1.0,0.0,0.0,0.0,1.0,0.0,0.0,0.0,1.0,0.0,0.0,1.0,0.0,0.0,0.0,0.0
94,0,7.695,0.98,1,1.05,1.19,0.00,1.24,0.00,0.28,1.06,0.22,0.00,2.35,1.59,0.00,0.93,0.80,0.00,0.00,0.12,0.0,0.0,1.0,0.0,0.0,0.0,1.0,0.0,0.0,0.0,1.0,0.0,1.0,1.0,0.0,0.0,0.0,0.0
95,0,7.762,0.98,1,0.89,0.31,0.18,1.33,0.26,1.09,0.87,0.80,0.06,2.95,0.70,0.00,1.70,0.38,0.00,0.00,0.12,0.0,0.0,0.0,1.0,0.0,0.0,1.0,0.0,0.0,1.0,1.0,0.0,1.0,1.0,0.0,0.0,0.0,0.0
96,0,7.831,0.98,1,0.55,0.00,0.52,0.56,0.93,1.72,0.98,0.91,0.00,1.50,0.00,0.00,1.59,0.00,0.00,0.00,0.64,1.0,0.0,0.0,0.0,0.0,0.0,1.0,0.0,0.0,0.0,0.0,0.0,1.0,1.0,0.0,0.0,0.0,0.0
97,0,7.894,0.98,1,0.45,0.00,0.52,0.00,1.11,1.85,1.07,1.01,0.00,1.19,0.00,0.00,2.23,0.00,0.01,0.00,0.31,1.0,0.0,0.0,1.0,0.0,0.0,1.0,1.0,0.0,0.0,0.0,0.0,1.0,1.0,0.0,0.0,0.0,0.0
98,0,7.961,0.98,1,0.66,0.00,0.97,0.00,1.02,1.46,0.98,0.87,0.00,0.88,0.00,0.00,2.56,0.00,0.29,0.02,0.31,1.0,0.0,0.0,0.0,0.0,0.0,0.0,0.0,0.0,0.0,0.0,0.0,1.0,1.0,0.0,0.0,0.0,0.0
99,0,8.028,0.98,1,1.10,0.30,1.03,0.00,0.98,1.57,0.97,0.72,0.00,1.06,0.00,0.00,2.53,0.00,0.40,0.00,0.81,1.0,0.0,0.0,0.0,0.0,0.0,0.0,0.0,0.0,0.0,0.0,0.0,1.0,1.0,0.0,0.0,0.0,0.0
100,0,8.094,0.98,1,1.36,0.92,0.97,0.00,0.71,1.37,0.88,0.14,0.00,0.91,0.00,0.00,2.12,0.00,0.09,0.00,0.62,1.0,0.0,0.0,0.0,0.0,0.0,0.0,0.0,0.0,0.0,0.0,0.0,1.0,1.0,0.0,0.0,0.0,0.0
101,0,8.195,0.98,1,1.25,0.97,0.71,0.00,0.80,1.15,0.89,0.55,0.07,1.71,0.00,0.00,1.65,0.00,0.08,0.00,0.79,1.0,0.0,0.0,0.0,0.0,0.0,0.0,0.0,0.0,0.0,0.0,0.0,1.0,1.0,0.0,0.0,0.0,0.0
102,0,8.294,0.98,1,1.62,1.15,1.03,0.09,0.78,0.71,0.46,0.72,0.20,2.30,0.00,0.00,1.78,0.00,0.00,0.00,0.43,1.0,1.0,0.0,1.0,0.0,0.0,0.0,0.0,0.0,0.0,0.0,0.0,1.0,1.0,0.0,0.0,0.0,0.0
103,0,8.360,0.98,1,2.06,1.15,0.97,0.00,0.83,1.14,0.35,0.96,0.47,2.52,0.00,0.00,1.27,0.00,0.00,0.03,0.00,1.0,1.0,0.0,0.0,0.0,0.0,0.0,0.0,0.0,1.0,0.0,0.0,1.0,1.0,0.0,0.0,0.0,0.0
104,0,8.427,0.98,1,1.98,1.08,1.19,0.00,0.87,1.02,0.22,0.55,0.40,2.44,0.00,0.00,1.06,0.00,0.13,0.00,0.35,1.0,1.0,0.0,1.0,0.0,0.0,0.0,0.0,0.0,1.0,0.0,0.0,1.0,1.0,0.0,0.0,0.0,0.0
105,0,8.496,0.98,1,1.96,1.36,1.06,0.01,0.79,1.09,0.38,0.49,0.33,2.52,0.00,0.00,1.51,0.02,0.17,0.00,0.35,1.0,1.0,0.0,1.0,0.0,0.0,0.0,0.0,0.0,1.0,0.0,0.0,1.0,1.0,0.0,0.0,0.0,0.0
106,0,8.560,0.98,1,1.95,1.44,1.12,0.00,0.86,0.96,0.28,0.50,0.41,2.60,0.00,0.00,1.49,0.00,0.08,0.02,0.37,1.0,1.0,0.0,1.0,0.0,0.0,0.0,0.0,0.0,1.0,0.0,0.0,1.0,1.0,0.0,0.0,0.0,0.0
107,0,8.627,0.98,1,1.68,1.06,0.93,0.00,0.87,0.99,0.22,0.40,0.31,2.36,0.00,0.00,1.15,0.02,0.34,0.06,0.33,1.0,1.0,0.0,1.0,0.0,0.0,0.0,0.0,0.0,1.0,0.0,0.0,1.0,1.0,0.0,0.0,0.0,0.0
108,0,8.694,0.98,1,1.48,1.02,0.79,0.00,0.91,1.34,0.14,0.75,0.29,2.31,0.01,0.00,1.56,0.04,0.11,0.12,0.25,1.0,1.0,0.0,1.0,0.0,0.0,0.0,0.0,0.0,1.0,0.0,0.0,1.0,1.0,0.0,0.0,0.0,0.0
109,0,8.761,0.98,1,1.30,0.92,1.05,0.00,0.99,1.79,0.24,0.79,0.28,2.25,0.00,0.00,1.23,0.00,0.19,0.17,0.62,1.0,0.0,0.0,0.0,0.0,0.0,0.0,0.0,0.0,0.0,0.0,0.0,1.0,1.0,0.0,0.0,0.0,0.0
110,0,8.828,0.98,1,1.17,1.09,0.86,0.02,0.82,1.03,0.17,0.48,0.16,2.55,0.09,0.00,1.30,0.03,0.09,0.06,0.63,1.0,1.0,0.0,0.0,0.0,0.0,0.0,0.0,0.0,1.0,0.0,0.0,1.0,1.0,0.0,0.0,0.0,0.0
111,0,8.896,0.98,1,1.18,0.81,1.02,0.00,0.87,1.44,0.17,0.79,0.31,2.17,0.01,0.00,1.36,0.00,0.04,0.13,0.62,1.0,0.0,0.0,0.0,0.0,0.0,0.0,0.0,0.0,0.0,0.0,0.0,1.0,1.0,0.0,0.0,0.0,0.0
112,0,8.961,0.98,1,1.15,1.16,0.99,0.03,0.82,1.95,0.00,0.61,0.29,2.51,0.05,0.00,1.46,0.00,0.00,0.09,0.70,1.0,0.0,0.0,1.0,0.0,0.0,0.0,0.0,0.0,1.0,0.0,0.0,1.0,1.0,0.0,0.0,0.0,0.0
113,0,9.027,0.98,1,0.88,0.96,0.84,0.00,0.79,1.25,0.24,0.72,0.10,2.47,0.00,0.06,1.23,0.03,0.00,0.11,0.54,1.0,0.0,0.0,0.0,0.0,0.0,0.0,0.0,0.0,0.0,0.0,0.0,1.0,1.0,0.0,0.0,0.0,0.0
114,0,9.094,0.98,1,1.23,0.96,0.92,0.08,0.90,1.74,0.28,0.67,0.16,2.35,0.24,0.17,1.69,0.28,0.00,0.18,0.80,1.0,0.0,0.0,0.0,0.0,0.0,0.0,0.0,0.0,0.0,0.0,0.0,1.0,1.0,0.0,0.0,0.0,0.0
115,0,9.161,0.98,1,1.15,0.97,1.05,0.53,0.71,1.19,0.24,0.83,0.24,2.25,0.03,0.19,1.73,0.06,0.00,0.00,1.62,1.0,0.0,0.0,0.0,0.0,0.0,0.0,0.0,0.0,0.0,0.0,0.0,1.0,1.0,0.0,0.0,0.0,0.0
116,0,9.229,0.98,1,0.92,0.36,0.92,0.00,0.69,0.51,0.22,0.80,0.22,2.42,0.01,0.03,1.90,0.10,0.00,0.00,1.85,1.0,0.0,0.0,0.0,0.0,0.0,0.0,0.0,0.0,1.0,0.0,0.0,1.0,1.0,0.0,0.0,0.0,0.0
117,0,9.293,0.98,1,0.71,0.60,0.76,0.26,0.64,0.62,0.09,0.72,0.09,2.60,0.15,0.14,1.74,0.23,0.00,0.03,2.04,1.0,0.0,0.0,0.0,0.0,0.0,0.0,0.0,0.0,1.0,0.0,0.0,1.0,1.0,0.0,0.0,0.0,0.0
118,0,9.362,0.98,1,0.73,0.36,0.97,0.01,0.49,0.72,0.20,0.78,0.00,2.50,0.17,0.18,2.05,0.32,0.00,0.20,2.01,1.0,0.0,0.0,0.0,0.0,0.0,0.0,0.0,0.0,1.0,0.0,0.0,1.0,1.0,0.0,0.0,0.0,0.0
119,0,9.427,0.98,1,0.91,0.48,0.62,0.35,0.64,0.07,0.18,0.69,0.00,2.61,0.25,0.29,1.59,0.19,0.09,0.06,1.98,1.0,0.0,0.0,0.0,0.0,0.0,0.0,0.0,0.0,1.0,0.0,0.0,1.0,1.0,0.0,0.0,0.0,0.0
120,0,9.494,0.98,1,0.87,0.19,0.92,0.02,0.66,0.04,0.10,0.78,0.00,2.60,0.52,0.42,1.87,0.20,0.00,0.02,1.86,1.0,0.0,0.0,0.0,0.0,0.0,0.0,0.0,0.0,1.0,0.0,0.0,1.0,1.0,0.0,0.0,0.0,0.0
121,0,9.560,0.98,1,0.83,0.58,0.94,0.02,0.69,0.29,0.17,0.73,0.07,2.36,0.35,0.46,1.98,0.20,0.00,0.00,2.00,1.0,0.0,0.0,0.0,0.0,0.0,0.0,0.0,0.0,1.0,0.0,0.0,1.0,1.0,0.0,0.0,0.0,0.0
122,0,9.629,0.98,1,0.57,0.25,0.81,0.00,0.64,0.33,0.18,0.70,0.01,2.82,0.55,0.46,1.81,0.14,0.00,0.09,2.09,1.0,0.0,0.0,0.0,0.0,0.0,0.0,0.0,0.0,1.0,0.0,0.0,1.0,1.0,0.0,0.0,0.0,1.0
123,0,9.694,0.98,1,0.62,0.18,0.72,0.16,0.61,0.30,0.17,0.75,0.02,2.59,0.57,0.38,2.09,0.14,0.00,0.00,2.44,1.0,0.0,0.0,0.0,0.0,0.0,0.0,0.0,0.0,1.0,0.0,0.0,1.0,1.0,0.0,0.0,0.0,0.0
124,0,9.760,0.98,1,0.77,0.18,0.56,0.18,0.60,0.03,0.22,0.72,0.04,2.42,0.54,0.50,1.90,0.10,0.00,0.04,2.27,1.0,0.0,0.0,0.0,0.0,0.0,0.0,0.0,0.0,0.0,0.0,0.0,1.0,1.0,0.0,0.0,0.0,1.0
125,0,9.827,0.98,1,0.60,0.38,0.64,0.43,0.59,0.23,0.21,0.70,0.04,2.49,0.54,0.46,2.08,0.11,0.19,0.00,2.25,1.0,0.0,0.0,0.0,0.0,0.0,0.0,0.0,0.0,1.0,0.0,0.0,1.0,1.0,0.0,0.0,0.0,1.0
126,0,9.894,0.98,1,0.66,0.14,0.47,0.63,0.51,0.12,0.19,0.60,0.06,2.50,0.94,0.59,2.05,0.29,0.00,0.00,1.44,1.0,0.0,0.0,1.0,0.0,0.0,0.0,0.0,0.0,0.0,0.0,0.0,1.0,1.0,0.0,0.0,0.0,0.0
127,0,9.961,0.98,1,0.52,0.00,0.54,0.85,0.50,0.04,0.13,0.65,0.00,2.55,0.95,0.59,2.28,0.26,0.03,0.00,1.82,1.0,0.0,0.0,1.0,0.0,0.0,0.0,0.0,0.0,1.0,0.0,0.0,1.0,1.0,0.0,0.0,0.0,0.0
128,0,10.027,0.98,1,0.43,0.13,0.62,0.09,0.93,0.58,0.39,0.93,0.03,2.56,0.94,0.76,2.22,0.16,0.00,0.00,1.50,1.0,0.0,0.0,0.0,0.0,0.0,0.0,0.0,0.0,1.0,0.0,0.0,1.0,1.0,0.0,0.0,0.0,0.0
129,0,10.093,0.98,1,0.41,0.49,0.66,0.03,1.03,1.21,0.33,1.05,0.05,2.53,1.11,0.91,2.16,0.40,0.02,0.19,0.70,1.0,0.0,0.0,0.0,0.0,0.0,0.0,0.0,0.0,0.0,0.0,0.0,1.0,1.0,0.0,0.0,0.0,0.0
130,0,10.162,0.98,1,0.68,0.52,0.77,0.63,1.01,1.26,0.35,1.02,0.09,2.45,0.69,1.18,1.96,0.46,0.00,0.27,0.77,1.0,0.0,0.0,1.0,0.0,0.0,0.0,0.0,0.0,0.0,0.0,0.0,1.0,1.0,0.0,0.0,0.0,0.0
131,0,10.226,0.98,1,0.59,0.50,0.75,0.48,0.94,1.08,0.39,0.95,0.08,2.44,0.98,1.15,1.82,0.45,0.24,0.15,0.18,1.0,0.0,0.0,1.0,0.0,0.0,0.0,0.0,0.0,0.0,0.0,0.0,1.0,1.0,0.0,0.0,0.0,0.0
132,0,10.293,0.98,1,0.51,0.48,0.72,0.51,0.96,1.43,0.29,0.79,0.12,2.38,0.96,1.06,1.71,0.45,0.10,0.22,0.48,1.0,0.0,0.0,0.0,0.0,0.0,0.0,0.0,0.0,0.0,0.0,0.0,1.0,1.0,0.0,0.0,0.0,0.0
133,0,10.360,0.98,1,0.54,0.63,0.57,0.94,0.74,0.86,0.10,0.83,0.04,2.20,1.03,1.27,1.90,0.64,0.14,0.27,0.00,1.0,0.0,0.0,1.0,0.0,0.0,0.0,0.0,0.0,0.0,0.0,0.0,1.0,1.0,0.0,0.0,0.0,0.0
134,0,10.427,0.98,1,0.58,0.40,0.63,0.67,0.84,0.86,0.00,0.83,0.11,2.44,1.01,1.01,1.95,0.48,0.15,0.19,0.21,1.0,0.0,0.0,1.0,0.0,0.0,0.0,0.0,0.0,0.0,0.0,0.0,1.0,1.0,0.0,0.0,0.0,0.0
135,0,10.493,0.98,1,0.55,0.41,0.74,0.66,0.71,1.00,0.03,0.54,0.03,2.41,1.16,0.95,1.74,0.57,0.13,0.33,0.24,1.0,0.0,0.0,1.0,0.0,0.0,0.0,0.0,0.0,0.0,0.0,0.0,1.0,1.0,0.0,0.0,0.0,0.0
136,0,10.562,0.98,1,0.65,0.36,0.62,1.01,0.83,0.90,0.06,0.62,0.04,2.36,1.00,0.94,1.87,0.57,0.23,0.23,0.00,1.0,0.0,0.0,1.0,0.0,0.0,0.0,0.0,0.0,0.0,0.0,0.0,1.0,1.0,0.0,0.0,0.0,0.0
137,0,10.627,0.98,1,0.36,0.63,0.54,1.29,0.78,0.89,0.00,0.76,0.01,2.28,0.90,1.45,1.70,0.83,0.27,0.69,0.09,1.0,0.0,0.0,1.0,0.0,0.0,0.0,0.0,0.0,0.0,0.0,0.0,1.0,1.0,0.0,0.0,0.0,0.0
138,0,10.694,0.98,1,0.27,0.17,0.65,0.83,0.82,0.94,0.14,0.74,0.00,2.42,1.38,1.41,2.08,0.89,0.02,0.74,0.15,1.0,0.0,0.0,1.0,0.0,0.0,0.0,0.0,0.0,0.0,0.0,0.0,1.0,1.0,0.0,0.0,0.0,0.0
139,0,10.760,0.98,1,0.48,0.07,0.70,1.15,0.73,1.07,0.20,0.74,0.00,2.37,1.26,1.32,2.10,1.01,0.07,0.51,0.30,1.0,0.0,0.0,1.0,0.0,0.0,0.0,0.0,0.0,0.0,0.0,0.0,1.0,1.0,0.0,0.0,0.0,0.0
140,0,10.826,0.98,1,0.48,0.12,0.86,0.93,0.97,1.98,0.07,0.64,0.00,2.36,0.94,1.33,1.99,1.03,0.00,0.64,0.08,1.0,0.0,0.0,1.0,0.0,0.0,0.0,0.0,0.0,0.0,0.0,0.0,1.0,1.0,0.0,0.0,0.0,0.0
141,0,10.893,0.98,1,0.62,0.01,1.28,0.75,1.32,2.34,0.36,0.99,0.00,2.45,1.53,1.71,2.18,1.12,0.00,0.85,0.00,1.0,0.0,1.0,0.0,0.0,1.0,0.0,0.0,0.0,0.0,0.0,0.0,1.0,1.0,0.0,0.0,0.0,0.0
142,0,10.961,0.98,1,0.70,0.00,1.46,0.88,1.32,2.30,0.29,0.70,0.00,2.56,1.59,1.90,2.06,1.27,0.16,0.80,0.30,1.0,0.0,1.0,0.0,0.0,1.0,0.0,0.0,0.0,1.0,0.0,0.0,1.0,1.0,0.0,0.0,0.0,0.0
143,0,11.029,0.98,1,0.39,0.00,1.61,0.52,1.34,2.32,0.38,0.79,0.02,2.49,1.65,1.68,2.11,1.49,0.00,0.86,0.26,1.0,0.0,1.0,0.0,0.0,1.0,0.0,0.0,0.0,0.0,0.0,0.0,1.0,1.0,0.0,0.0,0.0,0.0
144,0,11.093,0.98,1,0.54,0.00,2.23,0.68,1.23,2.04,0.21,0.64,0.00,2.23,1.47,1.70,2.42,1.34,0.00,0.76,0.39,1.0,0.0,1.0,0.0,0.0,1.0,0.0,0.0,0.0,0.0,0.0,0.0,1.0,1.0,0.0,0.0,0.0,0.0
145,0,11.160,0.98,1,0.24,0.00,2.30,1.41,1.05,0.90,0.21,0.78,0.00,2.26,1.84,1.96,1.92,1.34,0.00,0.85,1.47,1.0,0.0,1.0,0.0,0.0,0.0,0.0,0.0,0.0,0.0,0.0,0.0,1.0,1.0,0.0,0.0,0.0,0.0
146,0,11.228,0.98,1,0.46,0.00,2.56,0.94,1.34,1.95,0.24,0.79,0.00,2.00,1.93,2.16,2.01,1.56,0.12,0.95,0.85,1.0,0.0,1.0,0.0,0.0,1.0,0.0,0.0,0.0,0.0,0.0,0.0,1.0,1.0,0.0,0.0,0.0,0.0
147,0,11.292,0.98,1,0.80,0.00,2.65,0.97,1.26,2.27,0.37,0.58,0.00,2.06,1.97,2.04,1.94,1.45,0.27,0.87,0.23,1.0,0.0,1.0,0.0,0.0,1.0,0.0,0.0,0.0,0.0,0.0,0.0,1.0,1.0,0.0,0.0,0.0,0.0
148,0,11.393,0.98,1,0.63,0.00,2.56,1.53,1.07,1.40,0.24,0.40,0.03,2.16,1.60,1.69,2.05,1.15,0.20,0.91,0.83,1.0,0.0,1.0,0.0,0.0,1.0,0.0,0.0,0.0,0.0,0.0,0.0,1.0,1.0,0.0,0.0,0.0,0.0
149,0,11.459,0.98,1,0.53,0.00,2.39,1.19,1.23,1.84,0.31,0.51,0.00,2.24,1.93,2.10,1.87,1.43,0.43,1.08,0.54,1.0,0.0,1.0,0.0,0.0,1.0,0.0,0.0,0.0,0.0,0.0,0.0,1.0,1.0,0.0,0.0,0.0,0.0
150,0,11.562,0.98,1,0.91,0.09,2.39,0.97,1.24,1.96,0.18,0.64,0.00,2.17,2.33,2.19,2.03,1.56,0.06,0.88,0.00,1.0,0.0,1.0,0.0,0.0,1.0,0.0,0.0,0.0,0.0,0.0,0.0,1.0,1.0,0.0,0.0,0.0,0.0
151,0,11.627,0.98,1,0.96,0.26,2.36,1.29,1.25,1.96,0.30,0.46,0.00,2.13,2.31,2.10,1.89,1.60,0.28,0.89,0.00,1.0,0.0,1.0,0.0,0.0,1.0,0.0,0.0,0.0,0.0,0.0,0.0,1.0,1.0,0.0,0.0,0.0,0.0
152,0,11.693,0.98,1,0.70,0.00,2.21,1.18,0.91,0.69,0.17,0.54,0.00,2.52,2.09,2.01,2.15,1.24,0.15,0.85,0.90,1.0,0.0,1.0,0.0,0.0,0.0,0.0,0.0,0.0,1.0,0.0,0.0,1.0,1.0,0.0,0.0,0.0,0.0
153,0,11.760,0.98,1,0.83,0.00,2.42,0.91,1.10,1.23,0.03,0.50,0.01,2.46,2.56,2.44,1.84,1.65,0.15,1.29,0.56,1.0,0.0,1.0,0.0,0.0,1.0,0.0,0.0,0.0,1.0,0.0,0.0,1.0,1.0,0.0,0.0,0.0,0.0
154,0,11.827,0.98,1,0.88,0.17,2.09,1.08,1.19,1.67,0.20,0.85,0.03,2.18,2.65,2.52,1.93,1.72,0.03,1.40,0.00,1.0,0.0,1.0,0.0,0.0,1.0,0.0,0.0,0.0,0.0,0.0,0.0,1.0,1.0,0.0,0.0,0.0,0.0
155,0,11.894,0.98,1,1.09,0.00,2.25,1.10,1.12,1.88,0.35,0.80,0.00,2.23,2.65,2.79,1.63,1.80,0.53,1.57,0.00,1.0,0.0,1.0,0.0,0.0,1.0,0.0,0.0,0.0,0.0,0.0,0.0,1.0,1.0,0.0,0.0,0.0,0.0
156,0,11.961,0.98,1,0.66,0.00,2.24,1.18,1.01,0.91,0.46,0.81,0.02,2.31,2.37,2.62,1.95,1.58,0.55,1.64,0.91,1.0,0.0,1.0,0.0,0.0,0.0,0.0,0.0,0.0,0.0,0.0,0.0,1.0,1.0,0.0,0.0,0.0,1.0
157,0,12.028,0.98,1,0.75,0.00,2.34,0.85,1.13,1.64,0.36,0.65,0.00,2.29,2.99,3.07,1.70,1.95,0.44,1.83,0.00,1.0,0.0,1.0,0.0,0.0,1.0,0.0,0.0,0.0,0.0,0.0,0.0,1.0,1.0,0.0,0.0,0.0,0.0
158,0,12.095,0.98,1,0.89,0.00,2.07,0.70,1.19,1.76,0.46,0.58,0.03,2.14,2.98,3.04,1.87,1.99,0.50,1.77,0.00,1.0,0.0,1.0,0.0,0.0,0.0,0.0,0.0,0.0,0.0,0.0,0.0,1.0,1.0,0.0,0.0,0.0,0.0
159,0,12.161,0.98,1,0.97,0.17,2.40,1.10,1.13,1.30,0.36,0.70,0.04,2.18,2.87,3.34,1.61,1.96,1.35,1.81,0.85,0.0,0.0,1.0,0.0,0.0,0.0,0.0,0.0,0.0,0.0,0.0,0.0,1.0,1.0,0.0,0.0,0.0,1.0
160,0,12.228,0.98,1,1.07,0.38,2.31,0.86,1.19,1.57,0.29,0.63,0.01,2.26,2.99,3.30,1.21,2.17,1.26,1.91,0.47,1.0,0.0,1.0,0.0,0.0,1.0,0.0,0.0,0.0,0.0,0.0,0.0,1.0,1.0,0.0,0.0,0.0,0.0
161,0,12.295,0.98,1,1.11,0.46,2.28,0.77,1.07,2.03,0.52,0.75,0.00,2.11,2.92,3.25,1.46,2.20,1.29,1.93,0.00,1.0,0.0,1.0,0.0,0.0,1.0,0.0,0.0,0.0,0.0,0.0,0.0,1.0,1.0,0.0,0.0,0.0,0.0
162,0,12.361,0.98,1,1.18,0.27,2.26,1.00,1.31,1.83,0.68,0.89,0.07,2.32,2.72,3.18,1.47,2.24,1.27,1.84,0.00,1.0,0.0,1.0,0.0,0.0,1.0,0.0,1.0,0.0,0.0,1.0,0.0,1.0,1.0,0.0,0.0,0.0,0.0
163,0,12.425,0.98,1,1.28,0.01,2.36,1.15,1.14,1.66,0.49,0.79,0.00,2.12,3.20,3.28,1.42,2.14,1.17,1.50,0.29,0.0,0.0,1.0,0.0,0.0,1.0,0.0,0.0,0.0,0.0,1.0,0.0,1.0,1.0,0.0,0.0,0.0,0.0
164,0,12.494,0.98,1,0.80,0.07,2.23,1.54,0.91,0.57,0.41,0.73,0.06,2.17,2.91,3.50,1.26,1.98,1.55,1.63,0.99,0.0,0.0,1.0,0.0,0.0,0.0,0.0,0.0,0.0,0.0,0.0,0.0,1.0,1.0,0.0,0.0,0.0,1.0
165,0,12.559,0.98,1,0.88,0.00,2.32,0.99,1.05,1.09,0.51,0.73,0.00,1.95,3.09,3.36,1.20,2.24,1.46,1.65,0.43,0.0,0.0,1.0,0.0,0.0,0.0,0.0,1.0,0.0,0.0,1.0,0.0,1.0,1.0,0.0,0.0,0.0,0.0
166,0,12.626,0.98,1,0.97,0.07,2.26,1.18,1.15,1.41,0.47,0.80,0.13,1.95,3.07,3.59,1.27,2.27,1.59,1.62,0.01,0.0,0.0,1.0,0.0,0.0,0.0,0.0,0.0,0.0,0.0,1.0,0.0,1.0,1.0,0.0,0.0,0.0,0.0
167,0,12.692,0.98,1,1.07,0.03,2.36,0.93,1.12,1.61,0.46,0.82,0.08,1.96,3.05,3.57,1.19,2.35,1.43,1.56,0.00,1.0,0.0,1.0,0.0,0.0,1.0,0.0,0.0,0.0,0.0,1.0,0.0,1.0,1.0,0.0,0.0,0.0,0.0
168,0,12.759,0.98,1,1.13,0.08,2.19,1.05,1.14,1.93,0.54,0.78,0.15,1.78,3.20,3.49,1.02,2.27,1.14,1.54,0.00,0.0,0.0,1.0,0.0,0.0,1.0,0.0,0.0,0.0,0.0,0.0,0.0,1.0,1.0,0.0,0.0,0.0,0.0
169,0,12.826,0.98,1,0.77,0.00,2.26,0.98,0.97,0.82,0.52,0.65,0.07,2.31,3.06,3.61,1.17,2.09,1.24,1.32,1.08,0.0,0.0,1.0,0.0,0.0,0.0,0.0,0.0,0.0,0.0,1.0,0.0,1.0,1.0,0.0,0.0,0.0,1.0
170,0,12.892,0.98,1,0.89,0.24,2.10,1.02,1.00,1.51,0.57,0.83,0.09,2.05,3.12,3.48,1.19,2.26,1.38,1.68,0.85,0.0,0.0,1.0,0.0,0.0,0.0,0.0,0.0,0.0,0.0,0.0,0.0,1.0,1.0,0.0,0.0,0.0,0.0
171,0,12.993,0.98,1,1.17,0.49,2.10,0.94,1.14,1.92,0.60,0.81,0.05,2.02,3.04,3.72,1.09,2.39,1.11,1.74,0.21,0.0,0.0,1.0,0.0,0.0,1.0,0.0,0.0,0.0,0.0,0.0,0.0,1.0,1.0,0.0,0.0,0.0,0.0
172,0,13.092,0.98,1,0.49,0.00,2.17,1.24,0.93,0.92,0.61,0.58,0.00,2.09,2.96,3.66,1.30,2.22,1.12,1.70,1.39,0.0,0.0,1.0,0.0,0.0,0.0,0.0,0.0,0.0,0.0,0.0,1.0,1.0,1.0,0.0,0.0,0.0,1.0
173,0,13.192,0.98,1,1.19,0.21,2.25,1.15,1.10,1.65,0.63,0.77,0.08,1.87,3.03,3.63,1.19,2.41,0.89,1.71,0.00,0.0,0.0,1.0,0.0,0.0,1.0,0.0,1.0,0.0,0.0,0.0,0.0,1.0,1.0,0.0,0.0,0.0,0.0
174,0,13.261,0.98,1,1.00,0.39,1.81,0.92,1.27,1.59,0.49,0.82,0.06,1.75,3.21,3.45,1.00,2.39,1.17,1.48,0.00,0.0,0.0,1.0,0.0,0.0,0.0,0.0,0.0,0.0,0.0,1.0,0.0,1.0,1.0,0.0,0.0,0.0,0.0
175,0,13.326,0.98,1,1.38,0.18,1.98,0.76,1.05,1.78,0.32,0.75,0.05,1.57,3.09,3.56,0.47,2.44,1.08,1.72,0.00,1.0,0.0,1.0,0.0,0.0,1.0,0.0,0.0,0.0,0.0,0.0,0.0,0.0,1.0,0.0,0.0,0.0,0.0
176,0,13.393,0.98,1,1.23,0.25,2.15,0.78,1.01,1.92,0.42,0.87,0.00,1.61,3.25,3.68,1.05,2.42,0.84,1.91,0.00,1.0,0.0,1.0,0.0,0.0,1.0,0.0,0.0,0.0,0.0,1.0,0.0,0.0,1.0,0.0,0.0,0.0,0.0
177,0,13.459,0.98,1,1.21,0.21,2.02,0.63,1.11,1.75,0.41,0.92,0.03,1.93,3.25,3.60,1.05,2.51,0.84,2.00,0.00,1.0,0.0,1.0,0.0,0.0,1.0,0.0,1.0,0.0,0.0,1.0,0.0,0.0,1.0,0.0,0.0,0.0,0.0
178,0,13.526,0.98,1,1.67,0.61,2.10,0.91,0.99,1.91,0.24,0.83,0.09,1.85,3.23,3.46,0.94,2.32,1.12,1.94,0.00,1.0,0.0,1.0,1.0,0.0,1.0,0.0,0.0,0.0,0.0,0.0,0.0,0.0,1.0,0.0,0.0,0.0,0.0
179,0,13.594,0.98,1,1.33,0.75,1.90,0.71,0.94,1.78,0.48,0.80,0.01,1.80,2.99,3.47,0.54,2.28,1.05,1.92,0.26,1.0,0.0,1.0,0.0,0.0,1.0,0.0,0.0,0.0,0.0,0.0,0.0,0.0,1.0,0.0,0.0,0.0,0.0
180,0,13.661,0.98,1,1.39,0.95,1.41,0.87,0.56,1.13,0.33,0.64,0.05,1.80,3.20,3.62,0.60,1.96,1.32,2.00,0.25,1.0,1.0,1.0,1.0,0.0,0.0,0.0,0.0,0.0,0.0,0.0,0.0,0.0,1.0,0.0,0.0,0.0,0.0
181,0,13.725,0.98,1,1.37,1.55,1.10,0.56,0.77,0.76,0.43,0.75,0.19,2.05,3.22,3.58,0.77,1.73,1.27,2.06,0.77,1.0,1.0,0.0,0.0,0.0,0.0,0.0,0.0,0.0,0.0,1.0,0.0,0.0,1.0,0.0,0.0,0.0,0.0
182,0,13.794,0.98,1,1.16,1.10,1.06,0.06,0.59,0.34,0.41,0.53,0.09,1.83,3.28,3.34,0.60,1.58,1.33,1.81,0.74,0.0,1.0,0.0,1.0,0.0,0.0,0.0,0.0,0.0,0.0,0.0,0.0,0.0,1.0,0.0,0.0,0.0,0.0
183,0,13.860,0.98,1,1.47,1.73,0.94,0.86,0.49,0.43,0.18,0.43,0.19,1.85,3.14,3.42,0.28,1.45,1.04,1.91,0.80,1.0,1.0,0.0,0.0,0.0,0.0,0.0,0.0,0.0,0.0,1.0,0.0,0.0,1.0,0.0,0.0,0.0,0.0
184,0,13.927,0.98,1,1.26,1.66,0.88,0.51,0.62,0.18,0.25,0.61,0.15,1.82,3.24,3.28,0.34,1.45,0.96,2.03,0.64,1.0,1.0,0.0,0.0,0.0,0.0,0.0,0.0,0.0,0.0,1.0,0.0,0.0,1.0,0.0,0.0,0.0,0.0
185,0,13.993,0.98,1,1.41,1.88,0.92,0.83,0.65,0.64,0.34,0.44,0.12,1.87,3.31,3.31,0.35,1.51,1.12,2.01,0.48,1.0,1.0,0.0,0.0,0.0,0.0,0.0,0.0,0.0,0.0,0.0,0.0,0.0,1.0,0.0,0.0,0.0,0.0
186,0,14.058,0.98,1,1.09,1.77,0.76,1.06,0.12,0.32,0.00,0.00,0.50,1.80,2.71,4.81,0.00,2.59,0.36,0.56,1.08,1.0,1.0,0.0,0.0,0.0,0.0,0.0,0.0,0.0,0.0,0.0,1.0,0.0,1.0,0.0,0.0,0.0,0.0
187,0,14.127,0.88,1,2.40,3.66,0.54,1.66,1.78,0.37,0.00,0.35,1.44,1.82,3.51,3.36,0.07,3.63,0.37,2.18,0.00,1.0,1.0,0.0,0.0,0.0,1.0,0.0,0.0,0.0,0.0,0.0,0.0,0.0,0.0,0.0,0.0,0.0,0.0
188,0,14.192,0.98,1,2.16,2.91,1.49,2.03,0.46,0.00,0.00,0.31,0.36,1.48,2.82,3.05,0.45,2.04,0.98,1.82,0.00,1.0,1.0,0.0,0.0,0.0,0.0,0.0,0.0,0.0,0.0,0.0,0.0,1.0,1.0,0.0,0.0,0.0,0.0
189,0,14.259,0.98,1,1.58,1.41,0.04,2.51,0.04,0.00,0.00,0.00,0.27,1.60,3.73,2.88,1.36,2.57,1.29,1.07,0.00,1.0,1.0,0.0,1.0,0.0,0.0,0.0,0.0,0.0,0.0,0.0,0.0,1.0,1.0,0.0,0.0,0.0,0.0
190,0,14.325,0.98,1,0.56,0.72,0.19,0.91,0.39,0.06,0.48,0.00,0.00,2.10,2.72,3.68,0.31,2.21,1.00,2.00,0.11,0.0,1.0,0.0,0.0,0.0,0.0,0.0,0.0,0.0,0.0,0.0,0.0,0.0,1.0,0.0,0.0,0.0,0.0
191,0,14.392,0.98,1,0.26,0.04,0.33,1.34,0.56,0.82,0.40,0.05,0.00,1.45,2.52,2.83,0.25,2.15,0.97,1.57,0.35,0.0,0.0,0.0,1.0,0.0,0.0,0.0,0.0,0.0,0.0,0.0,0.0,0.0,1.0,0.0,0.0,0.0,0.0
192,0,14.458,0.98,1,0.00,0.00,0.32,0.66,0.50,0.62,0.68,0.53,0.00,0.93,2.37,2.91,0.24,1.90,1.09,1.52,0.71,0.0,0.0,0.0,0.0,0.0,0.0,0.0,0.0,0.0,0.0,0.0,0.0,0.0,1.0,0.0,0.0,0.0,0.0
193,0,14.527,0.98,1,0.04,0.41,0.28,0.70,0.43,0.40,0.79,0.87,0.01,1.63,2.52,3.61,0.34,1.42,1.11,1.28,0.46,0.0,0.0,0.0,0.0,0.0,0.0,0.0,0.0,0.0,0.0,0.0,1.0,1.0,1.0,0.0,0.0,0.0,0.0
194,0,14.592,0.98,1,0.00,0.31,0.26,1.20,0.50,0.00,0.84,1.00,0.12,2.01,2.66,3.42,0.22,1.28,0.95,1.01,0.70,0.0,0.0,0.0,1.0,0.0,0.0,0.0,0.0,0.0,0.0,0.0,1.0,1.0,1.0,0.0,0.0,0.0,0.0
195,0,14.659,0.98,1,0.00,0.30,0.11,1.00,0.37,0.00,0.68,0.72,0.15,1.74,3.15,3.33,0.20,1.34,1.21,0.78,0.51,0.0,0.0,0.0,0.0,0.0,0.0,0.0,0.0,0.0,0.0,0.0,0.0,1.0,1.0,0.0,0.0,0.0,0.0
196,0,14.725,0.98,1,0.00,0.21,0.24,0.77,0.67,0.00,0.79,0.72,0.22,1.47,3.41,3.47,0.48,1.43,1.15,1.09,0.42,0.0,0.0,0.0,1.0,0.0,0.0,0.0,0.0,0.0,0.0,0.0,1.0,1.0,1.0,0.0,0.0,0.0,0.0
197,0,14.791,0.98,1,0.01,0.33,0.53,0.79,0.78,0.00,0.72,0.91,0.47,2.05,3.77,3.68,0.51,1.51,1.11,1.32,0.58,0.0,0.0,0.0,1.0,0.0,0.0,0.0,0.0,0.0,0.0,1.0,1.0,0.0,1.0,0.0,0.0,0.0,0.0
198,0,14.892,0.98,1,0.42,0.98,0.97,0.89,0.68,0.18,0.73,0.69,0.36,2.00,3.78,3.47,0.13,1.38,1.15,1.62,0.08,0.0,1.0,0.0,1.0,0.0,0.0,0.0,0.0,0.0,0.0,1.0,1.0,0.0,1.0,0.0,0.0,0.0,0.0
199,0,14.959,0.98,1,0.50,1.25,1.16,0.88,0.61,0.23,0.83,0.87,0.30,2.28,3.88,3.65,0.56,1.27,1.38,1.55,0.23,0.0,1.0,0.0,1.0,0.0,0.0,0.0,0.0,0.0,0.0,1.0,1.0,0.0,1.0,0.0,0.0,0.0,0.0
200,0,15.025,0.98,1,0.70,1.00,0.99,0.74,0.62,0.04,0.64,0.87,0.33,2.35,3.95,3.80,0.36,1.30,1.51,1.87,0.00,0.0,1.0,0.0,1.0,0.0,0.0,0.0,0.0,0.0,0.0,1.0,1.0,0.0,1.0,0.0,0.0,0.0,0.0
201,0,15.092,0.98,1,0.78,1.01,1.12,1.10,0.59,0.16,0.49,0.73,0.36,2.05,3.95,3.38,0.24,1.20,1.39,1.35,1.02,0.0,1.0,0.0,1.0,0.0,0.0,0.0,0.0,0.0,0.0,1.0,0.0,0.0,1.0,0.0,0.0,0.0,0.0
202,0,15.158,0.98,1,0.63,0.68,1.14,0.58,0.61,0.06,0.55,0.52,0.23,2.12,3.71,3.47,0.29,1.06,1.38,1.32,1.81,0.0,1.0,0.0,0.0,0.0,0.0,0.0,0.0,0.0,0.0,1.0,0.0,0.0,1.0,0.0,0.0,0.0,1.0
203,0,15.225,0.98,1,0.50,0.50,1.36,0.91,0.65,0.17,0.50,0.50,0.33,2.19,3.66,3.21,0.23,0.96,1.65,1.62,1.61,0.0,1.0,1.0,0.0,0.0,0.0,0.0,0.0,0.0,0.0,1.0,0.0,0.0,0.0,0.0,0.0,0.0,1.0
204,0,15.291,0.98,1,0.70,1.05,1.53,0.84,0.61,0.17,0.41,0.46,0.26,2.20,3.74,3.52,0.26,0.98,1.56,1.72,1.86,0.0,1.0,1.0,0.0,0.0,0.0,0.0,0.0,0.0,0.0,1.0,0.0,0.0,1.0,0.0,0.0,0.0,1.0
205,0,15.358,0.98,1,0.43,0.82,1.46,0.76,0.67,0.19,0.39,0.37,0.32,2.29,3.59,3.22,0.14,1.06,1.75,1.63,2.14,0.0,1.0,1.0,0.0,0.0,0.0,0.0,0.0,0.0,0.0,1.0,0.0,0.0,0.0,0.0,0.0,0.0,1.0
206,0,15.424,0.98,1,0.74,1.31,1.68,1.14,0.65,0.30,0.33,0.43,0.41,2.54,3.55,3.08,0.20,0.99,1.68,1.35,2.15,0.0,1.0,1.0,0.0,0.0,0.0,0.0,0.0,0.0,1.0,0.0,0.0,0.0,1.0,0.0,0.0,0.0,1.0
207,0,15.492,0.98,1,0.87,1.33,1.84,0.47,0.79,0.65,0.33,0.55,0.56,2.48,3.40,3.43,0.02,1.19,1.62,0.96,2.06,0.0,1.0,1.0,0.0,0.0,0.0,0.0,0.0,0.0,1.0,1.0,0.0,0.0,0.0,0.0,0.0,0.0,1.0
208,0,15.559,0.98,1,0.49,0.91,1.80,1.09,0.86,0.18,0.33,0.51,0.49,2.69,3.47,3.32,0.29,1.26,1.59,0.76,1.69,0.0,0.0,1.0,1.0,0.0,0.0,0.0,0.0,0.0,1.0,1.0,0.0,0.0,0.0,0.0,0.0,0.0,0.0
209,0,15.625,0.98,1,0.68,0.74,2.05,0.85,0.90,0.65,0.39,0.46,0.49,2.58,3.37,3.41,0.08,1.28,1.67,0.94,1.60,0.0,0.0,1.0,0.0,0.0,0.0,0.0,0.0,0.0,1.0,1.0,0.0,0.0,0.0,0.0,0.0,0.0,1.0
210,0,15.693,0.98,1,0.61,1.06,1.92,1.19,0.87,0.90,0.27,0.42,0.50,2.62,3.32,3.38,0.15,1.37,1.44,0.91,1.95,0.0,0.0,1.0,0.0,0.0,0.0,0.0,0.0,0.0,1.0,1.0,0.0,0.0,1.0,0.0,0.0,0.0,1.0
211,0,15.758,0.98,1,0.57,0.74,1.73,1.02,0.87,0.57,0.51,0.64,0.41,2.46,3.71,3.42,0.03,1.45,1.25,1.08,1.80,0.0,0.0,1.0,0.0,0.0,0.0,0.0,0.0,0.0,1.0,1.0,0.0,0.0,1.0,0.0,0.0,0.0,1.0
212,0,15.825,0.98,1,0.39,0.77,1.63,0.74,0.96,0.28,0.61,0.53,0.34,2.46,3.55,3.37,0.25,1.44,1.31,1.30,1.60,0.0,0.0,1.0,0.0,0.0,0.0,0.0,0.0,0.0,1.0,1.0,0.0,0.0,0.0,0.0,0.0,0.0,0.0
213,0,15.924,0.98,1,0.65,0.43,1.75,0.85,1.00,0.52,0.64,0.77,0.32,2.28,3.43,3.41,0.26,1.50,1.19,1.08,0.98,0.0,0.0,1.0,0.0,0.0,0.0,0.0,0.0,0.0,0.0,1.0,0.0,0.0,1.0,0.0,0.0,0.0,0.0
214,0,16.024,0.98,1,0.59,0.89,1.33,0.96,1.04,0.51,0.76,0.52,0.34,2.04,3.31,3.35,0.05,1.48,1.26,1.50,1.11,0.0,0.0,1.0,0.0,0.0,0.0,0.0,0.0,0.0,0.0,1.0,0.0,0.0,1.0,0.0,0.0,0.0,0.0
215,0,16.125,0.98,1,0.40,0.59,1.77,1.09,0.96,0.68,0.83,0.67,0.44,2.20,3.50,3.19,0.18,1.58,1.49,1.49,1.38,0.0,1.0,1.0,1.0,0.0,0.0,1.0,0.0,0.0,0.0,1.0,0.0,0.0,1.0,0.0,0.0,0.0,0.0
216,0,16.224,0.98,1,0.43,0.67,1.47,0.85,0.97,0.52,0.87,0.83,0.44,2.23,3.54,3.61,0.48,1.51,1.46,1.45,0.99,0.0,0.0,1.0,0.0,0.0,0.0,1.0,0.0,0.0,0.0,1.0,1.0,0.0,1.0,0.0,0.0,0.0,0.0
217,0,16.291,0.98,1,0.68,0.77,1.60,0.89,0.97,0.59,0.85,0.91,0.32,2.24,3.48,3.46,0.50,1.43,1.21,1.36,0.67,0.0,0.0,1.0,0.0,0.0,0.0,0.0,0.0,0.0,0.0,1.0,0.0,0.0,1.0,0.0,0.0,0.0,0.0
218,0,16.358,0.98,1,0.58,0.76,1.56,0.75,1.02,0.40,0.80,0.65,0.19,2.05,3.37,3.72,0.65,1.38,1.36,1.41,0.84,0.0,0.0,1.0,0.0,0.0,0.0,0.0,0.0,0.0,0.0,1.0,1.0,0.0,1.0,0.0,0.0,0.0,0.0
219,0,16.425,0.98,1,0.67,0.58,1.49,1.50,1.14,0.73,0.86,0.56,0.19,2.20,3.38,3.88,0.36,1.60,1.22,1.51,0.80,0.0,0.0,1.0,0.0,0.0,0.0,0.0,0.0,0.0,0.0,1.0,1.0,0.0,1.0,0.0,0.0,0.0,0.0
220,0,16.491,0.98,1,0.89,0.36,1.67,0.68,1.08,0.41,0.72,0.64,0.20,1.94,3.68,3.62,0.46,1.40,1.10,1.36,0.63,0.0,0.0,1.0,0.0,0.0,0.0,0.0,0.0,0.0,0.0,1.0,1.0,0.0,1.0,0.0,0.0,0.0,0.0
221,0,16.558,0.98,1,0.67,0.39,1.62,1.08,1.05,0.05,0.69,0.64,0.26,2.16,3.91,3.68,0.66,1.48,1.11,1.22,1.03,0.0,0.0,1.0,0.0,0.0,0.0,0.0,0.0,0.0,0.0,1.0,1.0,0.0,1.0,0.0,0.0,0.0,0.0
222,0,16.624,0.98,1,0.80,0.71,1.54,1.04,1.26,0.68,0.71,0.47,0.39,1.97,3.85,3.58,0.45,1.56,1.19,1.08,0.36,0.0,0.0,1.0,0.0,0.0,0.0,0.0,0.0,0.0,0.0,1.0,1.0,0.0,1.0,0.0,0.0,0.0,0.0
223,0,16.691,0.98,1,0.81,0.70,1.61,0.91,1.14,0.21,0.70,0.79,0.31,1.71,3.34,3.38,0.78,1.65,0.82,1.14,0.44,0.0,1.0,1.0,0.0,0.0,0.0,0.0,0.0,0.0,0.0,1.0,0.0,0.0,1.0,0.0,0.0,0.0,0.0
224,0,16.757,0.98,1,0.89,0.85,1.84,1.09,1.25,0.17,0.80,0.79,0.35,2.12,3.49,3.69,0.33,1.52,1.07,1.35,0.16,0.0,0.0,1.0,0.0,0.0,0.0,0.0,0.0,0.0,0.0,1.0,1.0,0.0,1.0,0.0,0.0,0.0,0.0
225,0,16.824,0.98,1,0.81,0.86,1.58,0.91,1.26,0.34,0.81,0.73,0.37,2.10,3.66,4.06,0.49,1.63,0.84,1.45,0.00,0.0,0.0,1.0,0.0,0.0,0.0,0.0,0.0,0.0,0.0,1.0,1.0,0.0,1.0,0.0,0.0,0.0,0.0
226,0,16.891,0.98,1,0.92,0.63,1.73,0.65,1.16,0.38,0.70,0.76,0.40,2.27,3.70,3.87,0.40,1.63,0.91,1.53,0.00,0.0,0.0,1.0,0.0,0.0,0.0,0.0,0.0,0.0,0.0,1.0,1.0,0.0,1.0,0.0,0.0,0.0,0.0
227,0,16.957,0.98,1,0.98,0.75,1.62,0.63,1.21,0.53,0.55,0.74,0.48,1.94,3.41,3.57,0.27,1.51,1.07,1.26,0.00,0.0,0.0,0.0,0.0,0.0,0.0,0.0,0.0,0.0,0.0,1.0,0.0,0.0,1.0,0.0,0.0,0.0,0.0
228,0,17.025,0.98,1,1.09,0.57,1.66,0.72,1.05,0.17,0.56,0.89,0.30,1.98,3.47,3.78,0.23,1.63,0.91,1.23,0.00,0.0,0.0,1.0,0.0,0.0,0.0,0.0,0.0,0.0,0.0,1.0,1.0,0.0,1.0,0.0,0.0,0.0,0.0
229,0,17.124,0.98,1,1.15,0.76,1.97,0.86,1.08,0.22,0.56,0.80,0.26,2.00,3.55,3.75,0.33,1.63,1.18,1.31,0.00,0.0,0.0,1.0,0.0,0.0,0.0,0.0,0.0,0.0,0.0,1.0,1.0,0.0,1.0,0.0,0.0,0.0,0.0
230,0,17.225,0.98,1,1.05,1.03,1.67,1.01,1.06,0.60,0.74,0.65,0.27,2.00,3.83,3.65,0.13,1.49,1.25,1.32,0.18,0.0,0.0,1.0,0.0,0.0,0.0,0.0,0.0,0.0,0.0,1.0,1.0,0.0,1.0,0.0,0.0,0.0,0.0
231,0,17.324,0.98,1,1.13,0.89,1.85,0.85,1.08,0.64,0.51,0.42,0.18,2.00,3.56,3.62,0.33,1.70,1.13,1.43,0.00,0.0,0.0,1.0,1.0,0.0,0.0,0.0,0.0,0.0,0.0,1.0,1.0,0.0,1.0,0.0,0.0,0.0,0.0
232,0,17.392,0.98,1,0.89,0.65,1.57,1.43,1.13,0.26,0.55,0.58,0.20,2.18,3.15,3.70,0.50,1.60,1.25,1.21,0.15,0.0,0.0,1.0,1.0,0.0,0.0,0.0,0.0,0.0,0.0,1.0,0.0,0.0,1.0,0.0,0.0,0.0,0.0
233,0,17.490,0.98,1,0.89,0.63,1.66,1.10,1.09,0.78,0.79,0.58,0.27,1.99,3.44,3.72,0.47,1.55,1.19,1.35,0.00,0.0,0.0,1.0,0.0,0.0,0.0,0.0,0.0,0.0,0.0,1.0,1.0,0.0,1.0,0.0,0.0,0.0,0.0
234,0,17.558,0.98,1,0.86,0.73,1.33,0.89,1.07,0.39,0.64,0.60,0.32,2.28,3.43,3.83,0.22,1.55,1.32,1.54,0.09,0.0,0.0,1.0,0.0,0.0,0.0,0.0,0.0,0.0,0.0,1.0,1.0,0.0,1.0,0.0,0.0,0.0,0.0
235,0,17.624,0.98,1,0.85,0.73,1.59,0.71,1.18,0.08,0.67,0.61,0.29,2.06,3.41,3.71,0.32,1.50,1.28,1.28,0.05,0.0,0.0,1.0,0.0,0.0,0.0,0.0,0.0,0.0,0.0,1.0,1.0,0.0,1.0,0.0,0.0,0.0,0.0
236,0,17.691,0.98,1,0.97,0.96,1.56,0.73,1.07,0.11,0.65,0.72,0.37,2.30,3.30,3.67,0.42,1.49,1.30,1.41,0.00,0.0,0.0,1.0,0.0,0.0,0.0,0.0,0.0,0.0,0.0,1.0,0.0,0.0,1.0,0.0,0.0,0.0,0.0
237,0,17.758,0.98,1,0.69,0.62,1.48,0.92,1.09,0.00,0.53,0.58,0.34,2.14,3.45,3.60,0.33,1.54,1.10,1.45,0.16,0.0,0.0,1.0,0.0,0.0,0.0,0.0,0.0,0.0,0.0,1.0,0.0,0.0,1.0,0.0,0.0,0.0,0.0
238,0,17.858,0.98,1,0.70,0.73,1.43,0.81,1.14,0.27,0.71,0.76,0.32,2.10,3.25,3.68,0.46,1.46,1.21,1.41,0.21,0.0,0.0,1.0,0.0,0.0,0.0,0.0,0.0,0.0,0.0,1.0,0.0,0.0,1.0,0.0,0.0,0.0,0.0
239,0,17.923,0.98,1,0.78,0.72,1.62,0.73,1.00,0.25,0.66,0.73,0.24,2.14,3.48,3.77,0.45,1.45,1.03,1.52,0.00,0.0,0.0,1.0,0.0,0.0,0.0,0.0,0.0,0.0,0.0,1.0,1.0,0.0,1.0,0.0,0.0,0.0,0.0
240,0,18.023,0.98,1,0.95,0.86,1.64,0.83,1.06,0.28,0.66,0.74,0.25,2.25,3.35,3.63,0.29,1.38,1.13,1.42,0.11,0.0,0.0,1.0,0.0,0.0,0.0,0.0,0.0,0.0,0.0,1.0,0.0,0.0,1.0,0.0,0.0,0.0,0.0
241,0,18.156,0.98,1,0.74,0.76,1.58,0.79,0.98,0.00,0.52,0.83,0.28,2.21,3.44,3.55,0.31,1.42,1.25,1.50,0.08,0.0,0.0,1.0,0.0,0.0,0.0,0.0,0.0,0.0,0.0,1.0,0.0,0.0,1.0,0.0,0.0,0.0,0.0
242,0,18.256,0.98,1,0.91,0.96,1.59,1.09,0.89,0.16,0.52,0.62,0.23,2.09,3.39,3.43,0.34,1.49,1.04,1.33,0.06,0.0,1.0,1.0,1.0,0.0,0.0,0.0,0.0,0.0,0.0,1.0,0.0,0.0,1.0,0.0,0.0,0.0,0.0
243,0,18.324,0.98,1,1.03,1.01,1.74,0.79,1.05,0.32,0.57,0.53,0.22,2.09,3.43,3.45,0.18,1.43,1.06,1.46,0.00,0.0,1.0,1.0,0.0,0.0,0.0,0.0,0.0,0.0,0.0,1.0,0.0,0.0,1.0,0.0,0.0,0.0,0.0
244,0,18.390,0.98,1,0.87,0.66,1.47,0.87,0.90,0.00,0.58,0.58,0.26,2.03,3.36,3.36,0.07,1.46,1.23,1.41,0.00,0.0,0.0,1.0,1.0,0.0,0.0,0.0,0.0,0.0,0.0,1.0,0.0,0.0,1.0,0.0,0.0,0.0,0.0
245,0,18.457,0.98,1,0.92,0.79,1.68,0.60,1.03,0.16,0.57,0.68,0.33,2.06,3.29,3.55,0.38,1.39,1.15,1.31,0.00,0.0,0.0,1.0,0.0,0.0,0.0,0.0,0.0,0.0,0.0,1.0,0.0,0.0,1.0,0.0,0.0,0.0,0.0
246,0,18.525,0.98,1,0.70,0.74,1.31,0.58,0.94,0.00,0.56,0.66,0.39,2.04,3.35,3.53,0.34,1.38,1.30,1.15,0.00,0.0,1.0,0.0,0.0,0.0,0.0,0.0,0.0,0.0,0.0,1.0,0.0,0.0,0.0,0.0,0.0,0.0,0.0
247,0,18.591,0.98,1,0.73,0.82,1.21,0.78,0.99,0.19,0.61,0.66,0.34,2.08,3.48,3.68,0.16,1.41,0.89,1.11,0.00,0.0,1.0,0.0,0.0,0.0,0.0,0.0,0.0,0.0,0.0,1.0,1.0,0.0,1.0,0.0,0.0,0.0,0.0
248,0,18.657,0.98,1,0.82,0.90,1.27,0.60,0.91,0.29,0.53,0.55,0.38,2.17,3.28,3.46,0.41,1.42,1.05,1.13,0.00,0.0,1.0,0.0,0.0,0.0,0.0,0.0,0.0,0.0,0.0,1.0,0.0,0.0,1.0,0.0,0.0,0.0,0.0
249,0,18.723,0.98,1,0.71,0.97,1.12,0.65,0.99,0.03,0.49,0.62,0.39,2.18,3.41,3.64,0.21,1.49,1.17,1.11,0.00,0.0,1.0,0.0,1.0,0.0,0.0,0.0,0.0,0.0,0.0,1.0,1.0,0.0,1.0,0.0,0.0,0.0,0.0
250,0,18.790,0.98,1,0.66,1.10,1.01,0.86,0.90,0.12,0.64,0.67,0.42,2.07,3.14,3.57,0.09,1.47,1.17,1.32,0.00,0.0,1.0,0.0,1.0,0.0,0.0,0.0,0.0,0.0,0.0,1.0,1.0,0.0,1.0,0.0,0.0,0.0,0.0
251,0,18.857,0.98,1,0.67,0.88,1.08,0.75,1.00,0.21,0.64,0.68,0.45,2.15,3.12,3.42,0.01,1.51,1.24,1.47,0.00,0.0,1.0,0.0,0.0,0.0,0.0,0.0,0.0,0.0,0.0,1.0,0.0,0.0,1.0,0.0,0.0,0.0,0.0
252,0,18.923,0.98,1,0.46,1.38,1.14,1.00,1.04,0.11,0.82,0.73,0.45,2.34,3.02,3.44,0.21,1.47,1.37,1.55,0.00,0.0,1.0,0.0,1.0,0.0,0.0,0.0,0.0,0.0,0.0,1.0,1.0,0.0,1.0,0.0,0.0,0.0,0.0
253,0,18.990,0.98,1,0.67,1.21,1.24,1.05,1.11,0.00,0.71,0.54,0.40,2.36,3.11,3.63,0.17,1.52,1.30,1.53,0.09,0.0,1.0,0.0,1.0,0.0,0.0,0.0,0.0,0.0,0.0,1.0,1.0,0.0,1.0,0.0,0.0,0.0,0.0
254,0,19.058,0.98,1,0.70,1.01,1.26,0.69,0.98,0.00,0.56,0.67,0.50,2.31,3.21,3.47,0.07,1.46,1.36,1.23,0.26,0.0,1.0,0.0,1.0,0.0,0.0,0.0,0.0,0.0,0.0,1.0,1.0,0.0,1.0,0.0,0.0,0.0,0.0
255,0,19.124,0.98,1,0.67,0.88,1.15,0.67,1.02,0.19,0.57,0.70,0.43,2.30,3.26,3.36,0.17,1.40,1.38,1.43,0.00,0.0,1.0,0.0,1.0,0.0,0.0,0.0,0.0,0.0,0.0,1.0,0.0,0.0,1.0,0.0,0.0,0.0,0.0
256,0,19.190,0.98,1,0.61,1.06,0.95,0.68,0.96,0.00,0.57,0.71,0.34,2.35,3.17,3.32,0.16,1.49,1.28,1.38,0.00,0.0,1.0,0.0,0.0,0.0,0.0,0.0,0.0,0.0,0.0,1.0,0.0,0.0,1.0,0.0,0.0,0.0,0.0
257,0,19.257,0.98,1,0.65,1.02,1.13,0.39,0.96,0.23,0.58,0.58,0.38,2.20,3.31,3.40,0.15,1.46,1.37,1.44,0.14,0.0,1.0,0.0,0.0,0.0,0.0,0.0,0.0,0.0,0.0,1.0,0.0,0.0,1.0,0.0,0.0,0.0,0.0
258,0,19.323,0.98,1,0.60,1.05,1.19,0.34,0.96,0.00,0.70,0.55,0.39,2.31,3.23,3.34,0.20,1.42,1.59,1.43,0.16,0.0,1.0,0.0,0.0,0.0,0.0,0.0,0.0,0.0,0.0,1.0,0.0,0.0,1.0,0.0,0.0,0.0,0.0
259,0,19.391,0.98,1,0.52,0.73,1.13,0.73,1.02,0.00,0.74,0.62,0.40,2.44,3.01,3.33,0.40,1.43,1.42,1.58,0.23,0.0,1.0,0.0,1.0,0.0,0.0,0.0,0.0,0.0,0.0,1.0,0.0,0.0,1.0,0.0,0.0,0.0,0.0
260,0,19.457,0.98,1,0.68,1.23,1.08,1.01,0.89,0.00,0.60,0.50,0.30,2.12,2.96,3.45,0.37,1.38,1.51,1.50,0.20,0.0,1.0,0.0,1.0,0.0,0.0,0.0,0.0,0.0,0.0,0.0,0.0,0.0,1.0,0.0,0.0,0.0,0.0
261,0,19.525,0.98,1,0.64,1.06,1.01,0.77,0.91,0.00,0.46,0.46,0.50,2.45,3.13,3.27,0.30,1.46,1.59,1.33,0.31,0.0,1.0,0.0,1.0,0.0,0.0,0.0,0.0,0.0,0.0,0.0,0.0,0.0,1.0,0.0,0.0,0.0,0.0
262,0,19.590,0.98,1,0.69,1.36,1.01,0.54,0.86,0.12,0.61,0.55,0.36,2.38,3.09,3.49,0.36,1.50,1.19,1.32,0.00,0.0,1.0,0.0,0.0,0.0,0.0,0.0,0.0,0.0,0.0,0.0,1.0,0.0,1.0,0.0,0.0,0.0,0.0
263,0,19.656,0.98,1,0.70,1.31,0.85,0.53,0.79,0.00,0.52,0.59,0.40,2.25,2.90,3.35,0.33,1.39,1.33,1.68,0.23,0.0,1.0,0.0,0.0,0.0,0.0,0.0,0.0,0.0,0.0,0.0,0.0,0.0,1.0,0.0,0.0,0.0,0.0
264,0,19.722,0.98,1,0.55,0.99,0.72,0.55,0.84,0.00,0.47,0.56,0.48,2.21,3.21,3.10,0.10,1.47,1.54,1.36,0.05,0.0,0.0,0.0,0.0,0.0,0.0,0.0,0.0,0.0,0.0,0.0,0.0,0.0,1.0,0.0,0.0,0.0,0.0
265,0,19.823,0.98,1,0.57,1.13,1.06,0.42,0.76,0.00,0.45,0.45,0.46,2.26,3.12,3.45,0.06,1.54,1.55,1.48,0.13,0.0,0.0,0.0,1.0,0.0,0.0,0.0,0.0,0.0,0.0,0.0,0.0,0.0,0.0,0.0,0.0,0.0,0.0
266,0,19.924,0.98,1,0.95,1.30,1.20,0.44,0.75,0.00,0.59,0.53,0.36,2.07,3.28,3.38,0.00,1.45,1.60,1.52,0.23,0.0,1.0,0.0,0.0,0.0,0.0,0.0,0.0,0.0,0.0,1.0,0.0,0.0,1.0,0.0,0.0,0.0,0.0
267,0,19.990,0.98,1,0.89,1.32,1.52,0.42,0.79,0.00,0.44,0.64,0.39,2.09,3.25,3.44,0.11,1.52,1.66,1.47,0.15,0.0,1.0,0.0,0.0,0.0,0.0,0.0,0.0,0.0,0.0,1.0,1.0,0.0,1.0,0.0,0.0,0.0,0.0
268,0,20.057,0.98,1,0.60,0.96,1.51,0.39,0.82,0.10,0.46,0.61,0.33,2.23,3.16,3.58,0.14,1.54,1.35,1.59,0.62,0.0,1.0,1.0,0.0,0.0,0.0,0.0,0.0,0.0,0.0,0.0,1.0,0.0,0.0,0.0,0.0,0.0,0.0
269,0,20.124,0.98,1,0.55,1.06,1.62,0.56,0.95,0.30,0.45,0.60,0.26,2.17,3.09,3.68,0.02,1.62,1.29,1.58,0.43,0.0,1.0,1.0,0.0,0.0,0.0,0.0,0.0,0.0,0.0,1.0,1.0,0.0,0.0,0.0,0.0,0.0,0.0
270,0,20.190,0.98,1,0.53,0.84,1.61,0.54,0.93,0.00,0.48,0.53,0.27,2.14,3.14,3.50,0.08,1.59,1.37,1.42,0.45,0.0,0.0,1.0,0.0,0.0,0.0,0.0,0.0,0.0,0.0,0.0,1.0,0.0,0.0,0.0,0.0,0.0,0.0
271,0,20.257,0.98,1,0.65,0.77,1.60,0.80,0.84,0.00,0.48,0.57,0.24,2.14,3.27,3.48,0.14,1.66,1.37,1.36,0.41,0.0,0.0,1.0,1.0,0.0,0.0,0.0,0.0,0.0,0.0,1.0,1.0,0.0,0.0,0.0,0.0,0.0,0.0
272,0,20.323,0.98,1,0.71,0.41,1.70,0.52,0.91,0.00,0.54,0.78,0.32,2.17,3.16,3.46,0.00,1.59,1.35,1.40,0.24,0.0,0.0,1.0,1.0,0.0,0.0,0.0,0.0,0.0,0.0,1.0,1.0,0.0,0.0,0.0,0.0,0.0,0.0
273,0,20.390,0.98,1,0.80,0.70,1.65,0.79,0.85,0.22,0.52,0.80,0.35,2.27,3.21,3.34,0.03,1.58,1.34,1.72,0.18,0.0,0.0,1.0,0.0,0.0,0.0,0.0,0.0,0.0,0.0,1.0,0.0,0.0,0.0,0.0,0.0,0.0,0.0
274,0,20.456,0.98,1,0.73,0.69,1.65,0.76,0.97,0.54,0.48,0.64,0.24,2.07,3.43,3.50,0.00,1.64,1.38,1.39,0.40,0.0,0.0,1.0,0.0,0.0,0.0,0.0,0.0,0.0,0.0,1.0,0.0,0.0,0.0,0.0,0.0,0.0,0.0
275,0,20.522,0.98,1,0.75,0.84,1.67,0.89,0.97,0.23,0.66,0.66,0.22,2.29,3.41,3.42,0.18,1.52,1.49,1.61,0.27,0.0,0.0,1.0,0.0,0.0,0.0,0.0,0.0,0.0,0.0,1.0,0.0,0.0,0.0,0.0,0.0,0.0,0.0
276,0,20.589,0.98,1,0.74,1.05,1.67,0.82,0.84,0.33,0.66,0.55,0.19,2.32,3.31,3.50,0.27,1.50,1.43,1.61,0.25,0.0,1.0,1.0,0.0,0.0,0.0,0.0,0.0,0.0,0.0,1.0,0.0,0.0,0.0,0.0,0.0,0.0,0.0
277,0,20.655,0.98,1,0.80,1.22,1.71,0.40,0.88,0.33,0.46,0.49,0.37,2.24,3.37,3.38,0.18,1.54,1.41,1.70,0.21,0.0,1.0,1.0,0.0,0.0,0.0,0.0,0.0,0.0,0.0,0.0,0.0,0.0,0.0,0.0,0.0,0.0,0.0
278,0,20.723,0.98,1,0.84,0.81,1.80,0.37,0.93,0.49,0.49,0.60,0.34,2.15,3.28,3.44,0.14,1.51,1.41,1.63,0.40,0.0,1.0,1.0,0.0,0.0,0.0,0.0,0.0,0.0,0.0,1.0,0.0,0.0,0.0,0.0,0.0,0.0,0.0
279,0,20.822,0.98,1,0.49,1.07,1.47,0.49,0.84,0.00,0.47,0.50,0.36,2.12,3.19,3.04,0.18,1.49,1.30,1.66,0.36,0.0,1.0,1.0,1.0,0.0,0.0,0.0,0.0,0.0,0.0,0.0,0.0,0.0,0.0,0.0,0.0,0.0,0.0
280,0,20.923,0.98,1,0.73,1.26,1.69,0.37,0.85,0.00,0.49,0.46,0.33,2.37,3.18,3.32,0.23,1.45,1.41,1.58,0.41,0.0,1.0,1.0,1.0,0.0,0.0,0.0,0.0,0.0,0.0,1.0,0.0,0.0,1.0,0.0,0.0,0.0,0.0
281,0,21.023,0.98,1,0.58,1.00,1.28,0.33,0.86,0.16,0.52,0.53,0.35,2.01,3.16,3.43,0.41,1.46,1.35,1.48,0.51,0.0,1.0,0.0,1.0,0.0,0.0,0.0,0.0,0.0,0.0,0.0,0.0,0.0,0.0,0.0,0.0,0.0,0.0
282,0,21.089,0.98,1,0.44,0.74,1.32,0.28,0.79,0.05,0.47,0.46,0.30,2.01,3.14,3.29,0.27,1.44,1.54,1.24,0.53,0.0,0.0,0.0,0.0,0.0,0.0,0.0,0.0,0.0,0.0,1.0,0.0,0.0,0.0,0.0,0.0,0.0,0.0
283,0,21.156,0.98,1,0.65,1.29,1.35,0.23,0.87,0.00,0.51,0.50,0.32,2.28,2.98,3.24,0.29,1.36,1.44,1.32,0.47,0.0,1.0,0.0,0.0,0.0,0.0,0.0,0.0,0.0,0.0,1.0,0.0,0.0,0.0,0.0,0.0,0.0,0.0
284,0,21.223,0.98,1,0.77,1.34,1.31,0.70,0.82,0.00,0.47,0.43,0.33,2.27,3.02,3.44,0.22,1.39,1.38,1.36,0.34,0.0,1.0,0.0,0.0,0.0,0.0,0.0,0.0,0.0,0.0,1.0,1.0,0.0,0.0,0.0,0.0,0.0,0.0
285,0,21.289,0.98,1,0.80,1.09,1.15,0.27,0.82,0.05,0.51,0.58,0.34,2.24,3.04,3.41,0.20,1.35,1.43,1.53,0.30,0.0,1.0,0.0,0.0,0.0,0.0,0.0,0.0,0.0,0.0,1.0,1.0,0.0,0.0,0.0,0.0,0.0,0.0
286,0,21.356,0.98,1,0.55,0.93,1.05,0.47,0.83,0.00,0.42,0.43,0.37,2.02,3.00,3.27,0.28,1.43,1.33,1.39,0.26,0.0,0.0,0.0,0.0,0.0,0.0,0.0,0.0,0.0,0.0,0.0,0.0,0.0,0.0,0.0,0.0,0.0,0.0
287,0,21.423,0.98,1,0.55,1.07,1.16,0.53,0.81,0.00,0.46,0.61,0.40,1.95,2.89,3.31,0.08,1.36,1.60,1.69,0.62,0.0,1.0,0.0,0.0,0.0,0.0,0.0,0.0,0.0,0.0,0.0,0.0,0.0,0.0,0.0,0.0,0.0,0.0
288,0,21.489,0.98,1,0.61,1.00,1.26,0.37,0.81,0.29,0.45,0.63,0.35,2.01,2.86,3.22,0.12,1.41,1.41,1.59,0.67,0.0,0.0,0.0,0.0,0.0,0.0,0.0,0.0,0.0,0.0,0.0,0.0,0.0,0.0,0.0,0.0,0.0,0.0
289,0,21.555,0.98,1,0.69,0.92,1.06,0.43,0.77,0.15,0.41,0.66,0.34,2.21,2.96,3.40,0.25,1.39,1.45,1.66,0.26,0.0,0.0,0.0,0.0,0.0,0.0,0.0,0.0,0.0,0.0,0.0,0.0,0.0,0.0,0.0,0.0,0.0,0.0
290,0,21.622,0.98,1,0.64,0.63,0.94,1.14,0.39,0.00,0.30,0.56,0.39,2.25,2.89,3.27,0.60,1.05,1.48,1.60,3.18,0.0,1.0,0.0,0.0,0.0,0.0,0.0,0.0,0.0,0.0,0.0,0.0,0.0,0.0,0.0,0.0,0.0,1.0
291,0,21.691,0.98,1,0.72,0.95,1.10,1.30,0.47,0.00,0.37,0.54,0.42,2.26,2.99,3.10,0.49,0.97,1.67,1.28,3.23,0.0,1.0,0.0,0.0,0.0,0.0,0.0,0.0,0.0,0.0,0.0,0.0,0.0,0.0,0.0,0.0,0.0,1.0
292,0,21.756,0.98,1,0.29,1.06,0.86,0.83,0.75,0.00,0.25,0.69,0.57,2.34,2.81,3.34,0.09,1.33,1.49,1.45,2.70,0.0,0.0,0.0,0.0,0.0,0.0,0.0,0.0,0.0,1.0,1.0,0.0,0.0,1.0,0.0,0.0,0.0,1.0
293,0,21.823,0.98,1,0.59,0.93,0.66,0.69,0.56,0.00,0.11,0.41,0.72,2.54,2.31,3.17,0.06,1.56,1.67,1.46,1.55,0.0,1.0,0.0,0.0,0.0,0.0,0.0,0.0,0.0,1.0,0.0,0.0,0.0,1.0,0.0,0.0,0.0,0.0
294,0,21.890,0.98,1,0.74,1.53,0.78,0.55,0.66,0.00,0.02,0.53,0.79,2.43,2.46,2.89,0.00,1.41,1.71,1.62,1.43,0.0,1.0,0.0,0.0,0.0,0.0,0.0,0.0,0.0,1.0,0.0,0.0,0.0,1.0,0.0,0.0,0.0,0.0
295,0,21.956,0.98,1,1.01,1.45,0.73,0.43,0.68,0.00,0.00,0.40,0.71,2.06,2.52,2.94,0.00,1.48,2.01,1.37,1.00,0.0,1.0,0.0,1.0,0.0,0.0,0.0,0.0,0.0,0.0,0.0,0.0,0.0,1.0,0.0,0.0,0.0,0.0
296,0,22.022,0.98,1,1.32,1.92,0.78,0.89,0.56,0.00,0.04,0.15,0.69,2.05,2.42,2.79,0.00,1.49,1.87,1.16,0.90,1.0,1.0,0.0,1.0,0.0,0.0,0.0,0.0,0.0,0.0,0.0,0.0,0.0,1.0,0.0,0.0,0.0,0.0
297,0,22.089,0.98,1,1.27,1.79,1.04,0.58,0.46,0.00,0.00,0.09,0.80,2.38,2.68,2.81,0.00,1.57,1.55,1.33,0.68,1.0,1.0,0.0,1.0,0.0,0.0,0.0,0.0,0.0,1.0,0.0,0.0,0.0,1.0,0.0,0.0,0.0,0.0
298,0,22.157,0.98,1,1.74,2.05,1.27,0.93,0.47,0.00,0.01,0.30,0.69,2.30,2.67,2.60,0.00,1.47,1.67,1.17,0.82,1.0,1.0,0.0,1.0,0.0,0.0,0.0,0.0,0.0,1.0,0.0,0.0,0.0,1.0,0.0,0.0,0.0,0.0
299,0,22.222,0.98,1,1.62,1.70,1.18,1.12,0.33,0.00,0.00,0.20,0.65,2.47,2.61,2.87,0.00,1.42,1.72,1.31,0.80,1.0,1.0,0.0,1.0,0.0,0.0,0.0,0.0,0.0,1.0,0.0,0.0,0.0,0.0,0.0,0.0,0.0,0.0
300,0,22.289,0.98,1,1.51,1.82,1.02,0.97,0.44,0.05,0.14,0.59,0.72,2.32,2.42,2.91,0.00,1.45,1.59,1.31,0.46,1.0,1.0,0.0,1.0,0.0,0.0,0.0,0.0,0.0,0.0,0.0,0.0,0.0,1.0,0.0,0.0,0.0,0.0
301,0,22.357,0.98,1,1.14,1.57,1.04,1.18,0.38,0.00,0.15,0.15,0.64,2.31,2.75,3.13,0.00,1.51,1.61,1.33,0.56,1.0,1.0,0.0,1.0,0.0,0.0,0.0,0.0,0.0,0.0,0.0,0.0,0.0,1.0,0.0,0.0,0.0,0.0
302,0,22.422,0.98,1,1.51,1.90,1.45,1.58,0.60,0.46,0.13,0.17,0.71,2.53,2.59,2.93,0.00,1.41,1.44,1.13,0.63,1.0,1.0,0.0,1.0,0.0,0.0,0.0,0.0,0.0,1.0,0.0,0.0,0.0,0.0,0.0,0.0,0.0,0.0
303,0,22.489,0.98,1,1.72,1.81,1.38,1.08,0.45,0.00,0.07,0.00,0.63,2.50,2.58,2.79,0.03,1.37,1.59,1.16,0.33,1.0,1.0,0.0,0.0,0.0,0.0,0.0,0.0,0.0,1.0,0.0,0.0,0.0,0.0,0.0,0.0,0.0,0.0
304,0,22.555,0.98,1,1.44,1.63,1.36,1.04,0.42,0.12,0.07,0.08,0.78,2.34,2.38,3.01,0.00,1.35,1.50,1.12,0.20,1.0,1.0,0.0,0.0,0.0,0.0,0.0,0.0,0.0,0.0,0.0,0.0,0.0,0.0,0.0,0.0,0.0,0.0
305,0,22.622,0.98,1,1.66,2.04,1.43,1.20,0.53,0.00,0.19,0.00,0.67,2.66,2.42,3.10,0.00,1.44,1.60,0.95,0.50,1.0,1.0,0.0,1.0,0.0,0.0,0.0,0.0,0.0,1.0,0.0,0.0,0.0,0.0,0.0,0.0,0.0,0.0
306,0,22.688,0.98,1,1.36,1.86,1.43,1.36,0.40,0.00,0.13,0.04,0.58,2.46,2.36,2.87,0.00,1.33,1.88,1.37,0.56,1.0,1.0,0.0,1.0,0.0,0.0,0.0,0.0,0.0,1.0,0.0,0.0,0.0,0.0,0.0,0.0,0.0,0.0
307,0,22.789,0.98,1,1.34,1.72,1.52,1.02,0.47,0.35,0.18,0.15,0.54,2.34,2.62,3.11,0.00,1.59,1.60,1.22,0.19,1.0,1.0,0.0,1.0,0.0,0.0,0.0,0.0,0.0,1.0,0.0,0.0,0.0,1.0,0.0,0.0,0.0,0.0
308,0,22.889,0.98,1,1.40,1.81,1.38,1.08,0.52,0.00,0.22,0.19,0.58,2.71,2.60,2.88,0.00,1.51,1.67,1.30,0.43,1.0,1.0,0.0,0.0,0.0,0.0,0.0,0.0,0.0,1.0,0.0,0.0,0.0,0.0,0.0,0.0,0.0,0.0
309,0,22.989,0.98,1,1.14,1.62,1.20,1.11,0.50,0.00,0.28,0.22,0.57,2.44,2.69,3.05,0.00,1.59,1.62,1.32,0.15,1.0,1.0,0.0,1.0,0.0,0.0,0.0,0.0,0.0,1.0,1.0,0.0,0.0,0.0,0.0,0.0,0.0,0.0
310,0,23.089,0.98,1,1.16,1.59,1.06,0.97,0.57,0.00,0.28,0.34,0.59,2.30,2.70,3.08,0.00,1.49,1.56,1.22,0.33,1.0,1.0,0.0,0.0,0.0,0.0,0.0,0.0,0.0,0.0,0.0,0.0,0.0,0.0,0.0,0.0,0.0,0.0
311,0,23.155,0.98,1,1.26,1.57,1.17,1.55,0.57,0.02,0.16,0.25,0.58,2.50,2.70,3.21,0.00,1.53,1.44,1.22,0.25,1.0,1.0,0.0,1.0,0.0,0.0,0.0,0.0,0.0,1.0,1.0,0.0,0.0,0.0,0.0,0.0,0.0,0.0
312,0,23.222,0.98,1,1.30,1.81,1.12,1.01,0.44,0.36,0.23,0.23,0.60,2.46,2.62,2.91,0.00,1.43,1.75,1.20,0.54,1.0,1.0,0.0,0.0,0.0,0.0,0.0,0.0,0.0,1.0,0.0,0.0,0.0,0.0,0.0,0.0,0.0,0.0
313,0,23.289,0.98,1,1.30,1.68,1.17,0.99,0.54,0.23,0.26,0.20,0.55,2.40,2.66,3.01,0.00,1.50,1.69,1.23,0.38,1.0,1.0,0.0,1.0,0.0,0.0,0.0,0.0,0.0,1.0,0.0,0.0,0.0,0.0,0.0,0.0,0.0,0.0
314,0,23.356,0.98,1,1.18,1.60,0.98,1.03,0.53,0.00,0.30,0.38,0.56,2.25,2.79,3.04,0.00,1.50,1.42,1.29,0.00,1.0,1.0,0.0,1.0,0.0,0.0,0.0,0.0,0.0,0.0,0.0,0.0,0.0,0.0,0.0,0.0,0.0,0.0
315,0,23.424,0.98,1,1.26,1.62,1.31,1.05,0.57,0.47,0.37,0.17,0.49,2.29,2.63,2.94,0.00,1.46,1.49,1.44,0.33,0.0,1.0,0.0,1.0,0.0,0.0,0.0,0.0,0.0,0.0,0.0,0.0,0.0,0.0,0.0,0.0,0.0,0.0
316,0,23.488,0.98,1,1.11,1.79,1.19,0.98,0.64,0.00,0.23,0.27,0.59,2.45,2.77,2.94,0.05,1.49,1.36,1.31,0.42,1.0,1.0,0.0,1.0,0.0,0.0,0.0,0.0,0.0,1.0,1.0,0.0,0.0,0.0,0.0,0.0,0.0,0.0
317,0,23.556,0.98,1,1.09,1.68,1.05,0.73,0.53,0.00,0.27,0.22,0.52,2.37,2.70,2.89,0.02,1.49,1.47,1.41,0.33,1.0,1.0,0.0,1.0,0.0,0.0,0.0,0.0,0.0,0.0,0.0,0.0,0.0,0.0,0.0,0.0,0.0,0.0
318,0,23.622,0.98,1,1.19,1.64,1.40,1.37,0.50,0.00,0.30,0.14,0.59,2.49,2.79,2.94,0.00,1.48,1.41,1.52,0.20,0.0,1.0,0.0,1.0,0.0,0.0,0.0,0.0,0.0,0.0,0.0,0.0,0.0,0.0,0.0,0.0,0.0,0.0
319,0,23.688,0.98,1,1.19,1.42,1.18,1.68,0.14,0.00,0.12,0.14,0.60,2.21,2.75,2.92,0.32,0.92,1.81,1.17,3.33,1.0,1.0,0.0,1.0,0.0,0.0,0.0,0.0,0.0,0.0,0.0,0.0,0.0,0.0,0.0,0.0,0.0,1.0
320,0,23.755,0.98,1,0.91,1.34,1.08,1.53,0.44,0.00,0.09,0.32,0.70,2.31,2.53,2.98,0.28,1.02,1.43,1.36,3.01,1.0,1.0,0.0,0.0,0.0,0.0,0.0,0.0,0.0,0.0,0.0,0.0,0.0,0.0,0.0,0.0,0.0,1.0
321,0,23.822,0.98,1,1.10,1.53,1.16,1.33,0.65,0.00,0.23,0.23,0.67,2.53,2.51,2.92,0.00,1.16,1.68,1.60,2.43,1.0,1.0,0.0,0.0,0.0,0.0,0.0,0.0,0.0,1.0,0.0,0.0,0.0,0.0,0.0,0.0,0.0,1.0
322,0,23.888,0.98,1,0.99,1.60,1.29,0.68,0.75,0.31,0.40,0.15,0.65,2.46,2.55,2.94,0.00,1.32,1.43,1.33,1.04,1.0,1.0,0.0,0.0,0.0,0.0,0.0,0.0,0.0,1.0,0.0,0.0,0.0,0.0,0.0,0.0,0.0,0.0
323,0,23.955,0.98,1,1.16,1.88,1.25,0.73,0.77,0.17,0.32,0.23,0.66,2.54,2.64,2.80,0.06,1.32,1.38,1.36,0.63,1.0,1.0,0.0,0.0,0.0,0.0,0.0,0.0,0.0,1.0,0.0,0.0,0.0,0.0,0.0,0.0,0.0,0.0
324,0,24.021,0.98,1,1.03,1.50,1.24,0.76,0.59,0.16,0.37,0.12,0.60,2.39,2.70,2.85,0.00,1.41,1.40,1.29,0.42,0.0,1.0,0.0,0.0,0.0,0.0,0.0,0.0,0.0,0.0,0.0,0.0,0.0,0.0,0.0,0.0,0.0,0.0
325,0,24.088,0.98,1,0.96,1.57,1.15,0.79,0.54,0.00,0.21,0.01,0.58,2.50,2.80,2.88,0.00,1.44,1.47,1.09,0.33,0.0,1.0,0.0,1.0,0.0,0.0,0.0,0.0,0.0,1.0,0.0,0.0,0.0,0.0,0.0,0.0,0.0,0.0
326,0,24.155,0.98,1,1.20,1.82,1.01,0.67,0.43,0.18,0.17,0.22,0.53,2.39,2.72,2.82,0.12,1.43,1.56,1.11,0.43,1.0,1.0,0.0,1.0,0.0,0.0,0.0,0.0,0.0,1.0,0.0,0.0,0.0,0.0,0.0,0.0,0.0,0.0
327,0,24.222,0.98,1,1.09,1.68,1.15,0.65,0.56,0.39,0.26,0.26,0.52,2.25,2.71,2.96,0.08,1.43,1.44,1.20,0.29,0.0,1.0,0.0,1.0,0.0,0.0,0.0,0.0,0.0,1.0,0.0,0.0,0.0,0.0,0.0,0.0,0.0,0.0
328,0,24.288,0.98,1,1.20,1.82,1.46,0.77,0.61,0.16,0.33,0.21,0.60,2.40,2.79,2.92,0.06,1.45,1.32,1.24,0.20,1.0,1.0,0.0,0.0,0.0,0.0,0.0,0.0,0.0,0.0,0.0,0.0,0.0,0.0,0.0,0.0,0.0,0.0
329,0,24.355,0.98,1,1.31,1.58,1.38,1.02,0.60,0.41,0.19,0.26,0.62,2.45,2.81,2.71,0.00,1.45,1.39,1.18,0.04,1.0,1.0,0.0,1.0,0.0,0.0,0.0,0.0,0.0,1.0,0.0,0.0,0.0,0.0,0.0,0.0,0.0,0.0
330,0,24.421,0.98,1,1.27,1.75,1.28,0.91,0.52,0.42,0.16,0.30,0.58,2.32,2.86,3.01,0.10,1.47,1.31,1.13,0.01,1.0,1.0,0.0,0.0,0.0,0.0,0.0,0.0,0.0,0.0,0.0,0.0,0.0,0.0,0.0,0.0,0.0,0.0
331,0,24.488,0.98,1,1.19,1.59,1.31,0.90,0.47,0.00,0.26,0.05,0.49,2.43,2.65,2.83,0.24,1.52,1.40,1.07,0.08,1.0,1.0,0.0,1.0,0.0,0.0,0.0,0.0,0.0,0.0,0.0,0.0,0.0,0.0,0.0,0.0,0.0,0.0
332,0,24.588,0.98,1,1.12,1.51,1.04,1.16,0.56,0.06,0.21,0.26,0.51,2.25,2.64,2.92,0.19,1.50,1.40,1.34,0.00,1.0,1.0,0.0,1.0,0.0,0.0,0.0,0.0,0.0,0.0,0.0,0.0,0.0,0.0,0.0,0.0,0.0,0.0
333,0,24.690,0.98,1,1.23,1.61,1.10,1.26,0.56,0.08,0.21,0.13,0.55,2.37,2.72,2.89,0.00,1.58,1.35,1.43,0.10,1.0,1.0,0.0,1.0,0.0,0.0,0.0,0.0,0.0,0.0,0.0,0.0,0.0,0.0,0.0,0.0,0.0,0.0
334,0,24.755,0.98,1,1.27,1.62,1.32,1.31,0.57,0.00,0.13,0.05,0.59,2.49,2.70,2.95,0.05,1.45,1.53,1.38,0.00,1.0,1.0,0.0,1.0,0.0,0.0,0.0,0.0,0.0,1.0,0.0,0.0,0.0,0.0,0.0,0.0,0.0,0.0
335,0,24.822,0.98,1,1.13,1.45,1.21,1.02,0.54,0.34,0.13,0.11,0.51,2.41,2.45,3.00,0.10,1.55,1.38,1.25,0.17,0.0,1.0,0.0,1.0,0.0,0.0,0.0,0.0,0.0,1.0,0.0,0.0,0.0,0.0,0.0,0.0,0.0,0.0
336,0,24.889,0.98,1,1.15,1.29,1.33,0.85,0.47,0.19,0.13,0.00,0.53,2.31,2.61,2.90,0.02,1.60,1.36,1.29,0.34,0.0,1.0,0.0,1.0,0.0,0.0,0.0,0.0,0.0,1.0,0.0,0.0,0.0,0.0,0.0,0.0,0.0,0.0
337,0,24.973,0.98,1,1.24,1.84,1.17,0.80,0.47,0.09,0.02,0.12,0.56,2.43,2.55,3.00,0.14,1.59,1.38,1.24,0.27,0.0,1.0,0.0,1.0,0.0,0.0,0.0,0.0,0.0,1.0,0.0,0.0,0.0,0.0,0.0,0.0,0.0,0.0
338,0,25.088,0.98,1,1.18,1.56,1.16,1.04,0.50,0.33,0.20,0.15,0.58,2.45,2.52,3.08,0.02,1.61,1.39,1.50,0.16,0.0,1.0,0.0,1.0,0.0,0.0,0.0,0.0,0.0,1.0,0.0,0.0,0.0,0.0,0.0,0.0,0.0,0.0
339,0,25.155,0.98,1,1.21,1.79,1.21,0.81,0.47,0.34,0.17,0.05,0.58,2.41,2.59,3.00,0.19,1.58,1.38,1.34,0.14,1.0,1.0,0.0,1.0,0.0,0.0,0.0,0.0,0.0,0.0,0.0,0.0,0.0,0.0,0.0,0.0,0.0,0.0
340,0,25.222,0.98,1,1.38,1.87,1.15,1.03,0.51,0.29,0.17,0.12,0.53,2.51,2.47,3.01,0.00,1.63,1.38,1.37,0.17,1.0,1.0,0.0,1.0,0.0,0.0,0.0,0.0,0.0,1.0,0.0,0.0,0.0,0.0,0.0,0.0,0.0,0.0
341,0,25.290,0.98,1,1.30,1.91,1.36,0.70,0.56,0.24,0.24,0.03,0.56,2.34,2.54,2.94,0.06,1.66,1.37,1.44,0.15,1.0,1.0,0.0,1.0,0.0,0.0,0.0,0.0,0.0,1.0,0.0,0.0,0.0,0.0,0.0,0.0,0.0,0.0
342,0,25.354,0.98,1,1.03,1.85,1.26,1.38,0.49,0.02,0.02,0.09,0.65,2.43,2.56,2.95,0.19,1.17,1.36,1.43,2.42,1.0,1.0,0.0,0.0,0.0,0.0,0.0,0.0,0.0,1.0,0.0,0.0,0.0,0.0,0.0,0.0,0.0,1.0
343,0,25.421,0.98,1,1.20,1.90,1.39,0.98,0.30,0.00,0.01,0.20,0.59,2.41,2.52,2.74,0.37,0.90,1.56,1.43,3.02,1.0,1.0,0.0,0.0,0.0,0.0,0.0,0.0,0.0,1.0,0.0,0.0,0.0,0.0,0.0,0.0,0.0,1.0
344,0,25.488,0.98,1,0.93,1.34,1.43,0.60,0.44,0.00,0.06,0.23,0.57,2.65,2.67,2.88,0.26,1.16,1.50,1.25,2.13,1.0,1.0,0.0,0.0,0.0,0.0,0.0,0.0,0.0,1.0,0.0,0.0,0.0,0.0,0.0,0.0,0.0,0.0
345,0,25.554,0.98,1,1.22,1.84,1.46,0.76,0.50,0.26,0.12,0.06,0.60,2.44,2.48,2.86,0.08,1.33,1.40,1.29,0.79,1.0,1.0,0.0,0.0,0.0,0.0,0.0,0.0,0.0,1.0,0.0,0.0,0.0,0.0,0.0,0.0,0.0,0.0
346,0,25.621,0.98,1,1.22,1.77,1.43,0.85,0.50,0.34,0.34,0.30,0.57,2.37,2.59,2.89,0.00,1.43,1.33,1.56,0.29,1.0,1.0,0.0,1.0,0.0,0.0,0.0,0.0,0.0,0.0,0.0,0.0,0.0,0.0,0.0,0.0,0.0,0.0
347,0,25.688,0.98,1,1.07,1.77,1.38,0.61,0.51,0.42,0.31,0.10,0.51,2.36,2.57,2.92,0.00,1.45,1.41,1.44,0.42,0.0,1.0,0.0,1.0,0.0,0.0,0.0,0.0,0.0,1.0,0.0,0.0,0.0,0.0,0.0,0.0,0.0,0.0
348,0,25.754,0.98,1,1.28,2.08,1.38,0.75,0.54,0.60,0.26,0.07,0.51,2.44,2.64,2.76,0.04,1.43,1.34,1.41,0.37,0.0,1.0,0.0,1.0,0.0,0.0,0.0,0.0,0.0,1.0,0.0,0.0,0.0,0.0,0.0,0.0,0.0,0.0
349,0,25.821,0.98,1,1.07,1.72,1.19,0.63,0.54,0.63,0.24,0.23,0.51,2.24,2.56,2.99,0.02,1.56,1.43,1.46,0.00,1.0,1.0,0.0,1.0,0.0,0.0,0.0,0.0,0.0,0.0,0.0,0.0,0.0,0.0,0.0,0.0,0.0,0.0
350,0,25.888,0.98,1,1.27,1.90,1.32,0.73,0.51,0.57,0.27,0.15,0.48,2.44,2.82,3.03,0.09,1.53,1.16,1.48,0.11,1.0,1.0,0.0,1.0,0.0,0.0,0.0,0.0,0.0,1.0,1.0,0.0,0.0,1.0,0.0,0.0,0.0,0.0
351,0,25.955,0.98,1,1.06,1.60,1.37,0.29,0.51,0.00,0.24,0.15,0.51,2.60,2.71,3.01,0.06,1.62,1.17,1.39,0.05,1.0,1.0,0.0,1.0,0.0,0.0,0.0,0.0,0.0,1.0,1.0,0.0,0.0,0.0,0.0,0.0,0.0,0.0
352,0,26.053,0.98,1,1.15,1.77,1.25,0.74,0.47,0.00,0.19,0.04,0.54,2.40,2.63,2.67,0.31,1.50,1.14,1.26,0.29,1.0,1.0,0.0,1.0,0.0,0.0,0.0,0.0,0.0,1.0,0.0,0.0,0.0,0.0,0.0,0.0,0.0,0.0
353,0,26.153,0.98,1,1.26,1.86,1.26,0.87,0.51,0.12,0.25,0.12,0.46,2.26,2.60,2.63,0.15,1.52,1.27,1.45,0.35,1.0,1.0,0.0,1.0,0.0,0.0,0.0,0.0,0.0,0.0,0.0,0.0,0.0,0.0,0.0,0.0,0.0,0.0
354,0,26.254,0.98,1,1.16,1.65,1.12,0.79,0.50,0.02,0.23,0.10,0.45,2.14,2.56,2.72,0.07,1.59,1.22,1.44,0.43,1.0,1.0,0.0,0.0,0.0,0.0,0.0,0.0,0.0,0.0,0.0,0.0,0.0,0.0,0.0,0.0,0.0,0.0
355,0,26.321,0.98,1,1.24,1.80,1.24,0.89,0.47,0.19,0.12,0.04,0.53,2.08,2.51,2.76,0.02,1.65,1.24,1.47,0.29,1.0,1.0,0.0,1.0,0.0,0.0,0.0,0.0,0.0,0.0,0.0,0.0,0.0,0.0,0.0,0.0,0.0,0.0
356,0,26.388,0.98,1,1.27,1.60,1.14,0.91,0.56,0.50,0.21,0.00,0.49,2.24,2.50,2.63,0.13,1.59,1.30,1.75,0.17,1.0,1.0,0.0,1.0,0.0,0.0,0.0,0.0,0.0,0.0,0.0,0.0,0.0,0.0,0.0,0.0,0.0,0.0
357,0,26.454,0.98,1,1.16,1.57,1.33,0.84,0.60,0.45,0.32,0.00,0.46,2.28,2.54,2.74,0.10,1.62,1.17,1.57,0.36,1.0,1.0,0.0,1.0,0.0,0.0,0.0,0.0,0.0,1.0,0.0,0.0,0.0,0.0,0.0,0.0,0.0,0.0
358,0,26.521,0.98,1,1.13,1.44,1.33,0.46,0.51,0.39,0.19,0.00,0.46,2.18,2.46,2.69,0.00,1.58,1.24,1.51,0.60,1.0,1.0,0.0,1.0,0.0,0.0,0.0,0.0,0.0,0.0,0.0,0.0,0.0,0.0,0.0,0.0,0.0,0.0
359,0,26.588,0.98,1,1.14,1.52,1.31,0.98,0.46,0.71,0.28,0.00,0.50,2.12,2.48,2.72,0.02,1.57,1.21,1.61,0.26,0.0,1.0,0.0,1.0,0.0,0.0,0.0,0.0,0.0,0.0,0.0,0.0,0.0,0.0,0.0,0.0,0.0,0.0
360,0,26.654,0.98,1,0.99,1.49,1.33,0.88,0.40,0.45,0.20,0.00,0.51,2.08,2.41,2.42,0.00,1.63,1.29,1.49,0.58,0.0,1.0,0.0,1.0,0.0,0.0,0.0,0.0,0.0,0.0,0.0,0.0,0.0,0.0,0.0,0.0,0.0,0.0
361,0,26.723,0.98,1,1.01,1.44,1.22,0.93,0.48,0.67,0.23,0.00,0.48,2.20,2.53,2.48,0.02,1.60,1.26,1.52,0.47,0.0,1.0,0.0,1.0,0.0,0.0,0.0,0.0,0.0,0.0,0.0,0.0,0.0,0.0,0.0,0.0,0.0,0.0
362,0,26.787,0.98,1,1.16,1.31,1.14,0.55,0.51,0.56,0.16,0.00,0.48,2.01,2.46,2.42,0.11,1.55,1.24,1.31,0.53,0.0,1.0,0.0,1.0,0.0,0.0,0.0,0.0,0.0,0.0,0.0,0.0,0.0,0.0,0.0,0.0,0.0,0.0
363,0,26.854,0.98,1,1.16,1.39,1.19,0.59,0.41,0.07,0.21,0.00,0.48,2.05,2.19,2.49,0.18,1.55,1.17,1.45,0.66,1.0,1.0,0.0,0.0,0.0,0.0,0.0,0.0,0.0,0.0,0.0,0.0,0.0,0.0,0.0,0.0,0.0,0.0
364,0,26.921,0.98,1,1.18,1.59,1.19,0.55,0.48,0.19,0.25,0.00,0.46,2.27,2.20,2.56,0.16,1.53,1.17,1.39,0.46,1.0,1.0,0.0,0.0,0.0,0.0,0.0,0.0,0.0,1.0,0.0,0.0,0.0,0.0,0.0,0.0,0.0,0.0
365,0,26.989,0.98,1,1.19,1.70,1.36,0.93,0.44,0.41,0.20,0.02,0.54,2.14,2.24,2.46,0.00,1.50,1.01,1.36,0.45,0.0,1.0,0.0,1.0,0.0,0.0,0.0,0.0,0.0,0.0,0.0,0.0,0.0,0.0,0.0,0.0,0.0,0.0
366,0,27.054,0.98,1,1.22,1.71,1.23,0.84,0.52,0.53,0.21,0.00,0.57,2.27,2.27,2.51,0.13,1.50,1.05,1.43,0.42,1.0,1.0,0.0,1.0,0.0,0.0,0.0,0.0,0.0,1.0,0.0,0.0,0.0,0.0,0.0,0.0,0.0,0.0
367,0,27.121,0.98,1,1.14,1.37,1.30,0.80,0.51,0.55,0.15,0.15,0.56,2.25,2.22,2.41,0.02,1.41,1.03,1.47,0.57,1.0,1.0,0.0,1.0,0.0,0.0,0.0,0.0,0.0,0.0,0.0,0.0,0.0,0.0,0.0,0.0,0.0,0.0
368,0,27.187,0.98,1,1.19,1.68,1.34,1.02,0.53,0.59,0.24,0.24,0.52,2.12,2.27,2.37,0.05,1.46,1.16,1.60,0.38,0.0,1.0,0.0,1.0,0.0,0.0,0.0,0.0,0.0,0.0,0.0,0.0,0.0,0.0,0.0,0.0,0.0,0.0
369,0,27.254,0.98,1,1.15,1.90,1.36,0.83,0.52,0.45,0.24,0.10,0.51,2.20,2.38,2.46,0.10,1.43,1.35,1.76,0.42,0.0,1.0,0.0,1.0,0.0,0.0,0.0,0.0,0.0,0.0,0.0,0.0,0.0,0.0,0.0,0.0,0.0,0.0
370,0,27.320,0.98,1,1.02,1.59,1.19,1.12,0.59,0.72,0.23,0.18,0.57,2.31,2.26,2.58,0.12,1.50,0.97,1.65,0.44,0.0,1.0,0.0,1.0,0.0,0.0,0.0,0.0,0.0,0.0,0.0,0.0,0.0,0.0,0.0,0.0,0.0,0.0
371,0,27.389,0.98,1,1.04,1.45,1.34,0.80,0.55,0.65,0.25,0.08,0.55,2.24,2.39,2.57,0.00,1.57,1.02,1.58,0.61,0.0,1.0,0.0,1.0,0.0,0.0,0.0,0.0,0.0,0.0,0.0,0.0,0.0,0.0,0.0,0.0,0.0,0.0
372,0,27.454,0.98,1,0.92,1.62,1.30,0.76,0.51,0.27,0.25,0.08,0.56,2.09,2.26,2.48,0.00,1.48,1.09,1.45,0.42,0.0,1.0,0.0,1.0,0.0,0.0,0.0,0.0,0.0,0.0,0.0,0.0,0.0,0.0,0.0,0.0,0.0,0.0
373,0,27.520,0.98,1,1.11,1.33,1.08,0.72,0.38,0.25,0.20,0.12,0.52,2.15,2.44,2.46,0.15,1.47,1.08,1.43,0.57,0.0,1.0,0.0,1.0,0.0,0.0,0.0,0.0,0.0,0.0,0.0,0.0,0.0,0.0,0.0,0.0,0.0,0.0
374,0,27.587,0.98,1,1.10,1.53,1.16,0.86,0.42,0.36,0.20,0.00,0.49,2.10,2.48,2.57,0.19,1.51,1.25,1.60,0.23,0.0,1.0,0.0,1.0,0.0,0.0,0.0,0.0,0.0,0.0,0.0,0.0,0.0,0.0,0.0,0.0,0.0,0.0
375,0,27.687,0.98,1,1.14,1.27,1.29,0.77,0.57,0.33,0.10,0.00,0.46,2.19,2.38,2.61,0.16,1.54,1.07,1.51,0.43,0.0,1.0,0.0,1.0,0.0,0.0,0.0,0.0,0.0,1.0,0.0,0.0,0.0,0.0,0.0,0.0,0.0,0.0
376,0,27.787,0.98,1,1.21,1.62,1.22,0.83,0.54,0.56,0.07,0.10,0.52,2.13,2.51,2.44,0.09,1.57,1.07,1.39,0.38,0.0,1.0,0.0,1.0,0.0,0.0,0.0,0.0,0.0,0.0,0.0,0.0,0.0,0.0,0.0,0.0,0.0,0.0
377,0,27.887,0.98,1,1.05,1.84,1.34,1.01,0.43,0.08,0.01,0.03,0.51,2.13,2.45,2.60,0.03,1.54,1.30,1.64,0.50,0.0,1.0,0.0,1.0,0.0,0.0,0.0,0.0,0.0,0.0,0.0,0.0,0.0,0.0,0.0,0.0,0.0,0.0
378,0,27.953,0.98,1,1.04,1.66,1.21,0.73,0.44,0.00,0.12,0.00,0.53,2.33,2.18,2.43,0.12,1.56,1.28,1.46,0.49,0.0,1.0,0.0,0.0,0.0,0.0,0.0,0.0,0.0,1.0,0.0,0.0,0.0,0.0,0.0,0.0,0.0,0.0
379,0,28.020,0.98,1,1.05,1.55,1.35,0.40,0.51,0.28,0.15,0.01,0.60,2.25,2.03,2.46,0.14,1.52,1.17,1.61,0.33,0.0,1.0,0.0,0.0,0.0,0.0,0.0,0.0,0.0,1.0,0.0,0.0,0.0,0.0,0.0,0.0,0.0,0.0
380,0,28.087,0.98,1,1.03,1.80,1.22,0.85,0.40,0.37,0.11,0.11,0.56,2.07,2.24,2.53,0.13,1.57,1.02,1.37,0.26,0.0,1.0,0.0,1.0,0.0,0.0,0.0,0.0,0.0,0.0,0.0,0.0,0.0,0.0,0.0,0.0,0.0,0.0
381,0,28.153,0.98,1,1.23,1.82,1.43,0.92,0.47,0.61,0.10,0.08,0.57,2.14,2.55,2.61,0.02,1.50,1.21,1.62,0.54,0.0,1.0,0.0,0.0,0.0,0.0,0.0,0.0,0.0,0.0,0.0,0.0,0.0,0.0,0.0,0.0,0.0,0.0
382,0,28.220,0.98,1,0.95,1.66,1.45,0.69,0.38,0.29,0.14,0.02,0.60,2.16,2.43,2.61,0.13,1.49,1.14,1.52,0.54,0.0,1.0,0.0,0.0,0.0,0.0,0.0,0.0,0.0,0.0,0.0,0.0,0.0,0.0,0.0,0.0,0.0,0.0
383,0,28.288,0.98,1,1.16,1.75,1.57,0.95,0.50,0.41,0.14,0.02,0.57,2.10,2.52,2.53,0.18,1.45,0.93,1.43,0.61,0.0,1.0,0.0,1.0,0.0,0.0,0.0,0.0,0.0,0.0,0.0,0.0,0.0,0.0,0.0,0.0,0.0,0.0
384,0,28.352,0.98,1,1.17,1.69,1.52,0.74,0.50,0.35,0.16,0.04,0.58,2.32,2.43,2.54,0.24,1.48,1.17,1.46,0.50,1.0,1.0,0.0,1.0,0.0,0.0,0.0,0.0,0.0,1.0,0.0,0.0,0.0,0.0,0.0,0.0,0.0,0.0
385,0,28.420,0.98,1,1.06,1.68,1.30,0.73,0.52,0.62,0.15,0.00,0.55,2.42,2.24,2.69,0.12,1.50,1.02,1.58,0.58,0.0,1.0,0.0,1.0,0.0,0.0,0.0,0.0,0.0,1.0,0.0,0.0,0.0,0.0,0.0,0.0,0.0,0.0
386,0,28.486,0.98,1,1.15,1.60,1.31,0.45,0.45,0.51,0.09,0.02,0.52,2.48,2.28,2.60,0.26,1.47,1.18,1.34,0.52,1.0,1.0,0.0,0.0,0.0,0.0,0.0,0.0,0.0,1.0,0.0,0.0,0.0,0.0,0.0,0.0,0.0,0.0
387,0,28.555,0.98,1,1.12,1.51,1.34,0.57,0.33,0.36,0.00,0.00,0.55,2.29,2.22,2.64,0.00,1.59,1.03,1.42,0.55,1.0,1.0,0.0,0.0,0.0,0.0,0.0,0.0,0.0,1.0,0.0,0.0,0.0,0.0,0.0,0.0,0.0,0.0
388,0,28.620,0.98,1,0.98,1.23,1.23,0.66,0.40,0.56,0.20,0.04,0.59,2.28,2.13,2.50,0.14,1.51,1.07,1.59,0.42,1.0,1.0,0.0,0.0,0.0,0.0,0.0,0.0,0.0,1.0,0.0,0.0,0.0,0.0,0.0,0.0,0.0,0.0
389,0,28.687,0.98,1,1.11,1.44,1.38,0.79,0.45,0.40,0.19,0.18,0.57,2.22,2.22,2.56,0.13,1.52,1.06,1.46,0.42,1.0,1.0,0.0,0.0,0.0,0.0,0.0,0.0,0.0,1.0,0.0,0.0,0.0,0.0,0.0,0.0,0.0,0.0
390,0,28.753,0.98,1,1.14,1.51,1.27,1.13,0.45,0.26,0.03,0.00,0.49,2.16,2.22,2.66,0.10,1.48,1.06,1.42,0.77,1.0,1.0,0.0,1.0,0.0,0.0,0.0,0.0,0.0,0.0,0.0,0.0,0.0,0.0,0.0,0.0,0.0,0.0
391,0,28.821,0.98,1,1.00,1.59,1.06,0.86,0.43,0.08,0.10,0.05,0.47,2.26,2.26,2.36,0.17,1.53,0.92,1.32,0.51,1.0,1.0,0.0,0.0,0.0,0.0,0.0,0.0,0.0,0.0,0.0,0.0,0.0,0.0,0.0,0.0,0.0,0.0
392,0,28.886,0.98,1,1.09,1.42,1.32,0.73,0.52,0.42,0.13,0.05,0.56,2.20,2.37,2.60,0.02,1.44,1.19,1.36,0.40,1.0,1.0,0.0,0.0,0.0,0.0,0.0,0.0,0.0,0.0,0.0,0.0,0.0,0.0,0.0,0.0,0.0,0.0
393,0,28.953,0.98,1,1.04,1.44,1.26,0.79,0.44,0.22,0.15,0.06,0.57,2.20,2.22,2.33,0.07,1.45,1.18,1.46,0.20,1.0,1.0,0.0,1.0,0.0,0.0,0.0,0.0,0.0,0.0,0.0,0.0,0.0,0.0,0.0,0.0,0.0,0.0
394,0,29.022,0.98,1,1.12,1.70,1.34,0.85,0.51,0.14,0.09,0.05,0.52,2.05,2.23,2.40,0.33,1.45,1.07,1.38,0.52,0.0,1.0,0.0,0.0,0.0,0.0,0.0,0.0,0.0,0.0,0.0,0.0,0.0,0.0,0.0,0.0,0.0,0.0
395,0,29.086,0.98,1,1.11,1.56,1.27,0.79,0.55,0.34,0.12,0.00,0.57,2.08,2.30,2.47,0.17,1.48,1.11,1.28,0.49,1.0,1.0,0.0,1.0,0.0,0.0,0.0,0.0,0.0,0.0,0.0,0.0,0.0,0.0,0.0,0.0,0.0,0.0
396,0,29.153,0.98,1,1.07,1.71,1.31,0.70,0.52,0.48,0.19,0.10,0.55,2.10,2.13,2.28,0.32,1.42,1.00,1.38,0.38,0.0,1.0,0.0,1.0,0.0,0.0,0.0,0.0,0.0,0.0,0.0,0.0,0.0,0.0,0.0,0.0,0.0,0.0
397,0,29.220,0.98,1,1.08,1.55,1.31,0.72,0.49,0.59,0.07,0.12,0.56,2.03,2.24,2.48,0.10,1.46,1.03,1.61,0.32,0.0,1.0,0.0,1.0,0.0,0.0,0.0,0.0,0.0,0.0,0.0,0.0,0.0,0.0,0.0,0.0,0.0,0.0
398,0,29.289,0.98,1,0.98,1.47,1.43,0.57,0.54,0.57,0.03,0.09,0.51,1.87,2.24,2.56,0.21,1.46,1.01,1.48,0.61,0.0,1.0,0.0,1.0,0.0,0.0,0.0,0.0,0.0,0.0,0.0,0.0,0.0,0.0,0.0,0.0,0.0,0.0
399,0,29.353,0.98,1,1.00,1.56,1.36,0.70,0.53,0.33,0.09,0.01,0.50,1.65,2.25,2.44,0.23,1.46,0.97,1.58,0.47,0.0,1.0,0.0,1.0,0.0,0.0,0.0,0.0,0.0,0.0,0.0,0.0,0.0,0.0,0.0,0.0,0.0,0.0
400,0,29.419,0.98,1,0.89,1.19,1.24,0.68,0.50,0.23,0.01,0.07,0.50,1.93,2.11,2.51,0.22,1.43,1.13,1.50,0.47,0.0,1.0,0.0,1.0,0.0,0.0,0.0,0.0,0.0,0.0,0.0,0.0,0.0,0.0,0.0,0.0,0.0,0.0
401,0,29.486,0.98,1,0.87,1.41,1.40,0.76,0.58,0.44,0.18,0.04,0.53,2.00,2.18,2.68,0.09,1.49,0.93,1.63,0.50,0.0,1.0,0.0,1.0,0.0,0.0,0.0,0.0,0.0,0.0,0.0,0.0,0.0,0.0,0.0,0.0,0.0,0.0
402,0,29.552,0.98,1,0.96,1.48,1.19,0.72,0.50,0.31,0.09,0.08,0.57,1.97,2.25,2.39,0.01,1.46,0.98,1.41,0.76,0.0,1.0,0.0,1.0,0.0,0.0,0.0,0.0,0.0,0.0,0.0,0.0,0.0,0.0,0.0,0.0,0.0,0.0
403,0,29.619,0.98,1,1.03,1.50,1.20,0.75,0.58,0.55,0.08,0.08,0.69,2.04,2.27,2.52,0.05,1.44,0.97,1.45,0.86,0.0,1.0,0.0,0.0,0.0,0.0,0.0,0.0,0.0,0.0,0.0,0.0,0.0,0.0,0.0,0.0,0.0,0.0
404,0,29.719,0.98,1,0.79,1.32,1.50,0.30,0.56,0.41,0.07,0.20,0.69,2.09,2.15,2.54,0.33,1.46,1.35,1.46,1.57,0.0,1.0,0.0,1.0,0.0,0.0,0.0,0.0,0.0,1.0,0.0,0.0,0.0,0.0,0.0,0.0,0.0,0.0
405,0,29.820,0.98,1,0.77,1.00,1.38,0.45,0.61,0.49,0.07,0.14,0.76,2.56,2.02,2.51,0.16,1.61,1.57,1.96,1.62,0.0,0.0,0.0,0.0,0.0,0.0,0.0,0.0,0.0,1.0,0.0,0.0,0.0,1.0,0.0,0.0,0.0,0.0
406,0,29.885,0.98,1,0.54,1.11,1.17,0.39,0.61,0.57,0.03,0.40,0.94,2.36,1.96,2.31,0.23,1.68,1.36,1.54,1.80,0.0,1.0,0.0,1.0,0.0,0.0,0.0,0.0,0.0,1.0,0.0,0.0,0.0,1.0,0.0,0.0,0.0,0.0
407,0,29.952,0.98,1,0.36,0.61,1.18,0.15,0.69,0.51,0.08,0.59,0.90,2.24,2.03,2.23,0.17,1.56,1.66,1.42,1.71,0.0,1.0,0.0,0.0,0.0,0.0,0.0,0.0,0.0,1.0,0.0,0.0,0.0,0.0,0.0,0.0,0.0,0.0
408,0,30.019,0.98,1,0.75,0.99,1.07,0.36,0.67,0.00,0.00,0.61,0.99,2.05,1.97,2.36,0.31,1.28,1.18,1.41,3.05,0.0,0.0,0.0,0.0,0.0,0.0,0.0,0.0,0.0,1.0,0.0,0.0,0.0,1.0,0.0,0.0,0.0,1.0
409,0,30.085,0.98,1,0.52,0.56,1.05,0.93,0.60,0.00,0.00,0.66,0.98,2.40,1.86,2.55,0.50,1.28,1.02,1.41,3.49,0.0,0.0,1.0,0.0,0.0,0.0,0.0,0.0,0.0,1.0,0.0,1.0,0.0,1.0,0.0,0.0,0.0,1.0
410,0,30.152,0.98,1,0.32,0.51,1.06,0.33,0.83,0.00,0.04,0.70,0.85,2.26,1.52,2.60,0.63,1.49,1.14,1.74,2.81,0.0,0.0,0.0,0.0,0.0,0.0,0.0,0.0,0.0,1.0,0.0,1.0,0.0,1.0,0.0,0.0,0.0,1.0
411,0,30.219,0.98,1,0.58,0.51,0.94,0.69,0.88,0.00,0.08,0.63,0.75,2.14,1.69,2.38,0.48,1.44,1.09,1.88,2.09,0.0,0.0,0.0,0.0,0.0,0.0,0.0,0.0,0.0,1.0,0.0,0.0,0.0,0.0,0.0,0.0,0.0,1.0
412,0,30.286,0.98,1,0.10,0.15,0.77,0.57,0.80,0.00,0.06,0.51,0.78,1.96,1.81,2.58,0.54,1.52,1.29,1.86,2.28,0.0,0.0,0.0,0.0,0.0,0.0,0.0,0.0,0.0,1.0,0.0,1.0,0.0,1.0,0.0,0.0,0.0,1.0
413,0,30.352,0.98,1,0.25,0.20,0.70,0.25,0.77,0.00,0.25,0.42,0.59,1.83,1.67,2.36,0.45,1.46,1.21,2.04,1.90,0.0,0.0,0.0,0.0,0.0,0.0,0.0,0.0,0.0,1.0,0.0,0.0,0.0,1.0,0.0,0.0,0.0,0.0
414,0,30.420,0.98,1,0.55,0.62,0.93,0.69,0.68,0.16,0.15,0.60,0.71,1.86,1.83,2.27,0.66,1.55,1.43,2.12,1.57,0.0,0.0,0.0,0.0,0.0,0.0,0.0,0.0,0.0,1.0,0.0,0.0,0.0,1.0,0.0,0.0,0.0,0.0
415,0,30.485,0.98,1,0.38,0.62,0.92,0.83,0.71,0.05,0.07,0.67,0.81,1.95,1.91,2.54,0.48,1.54,1.26,2.54,1.61,0.0,0.0,0.0,0.0,0.0,0.0,0.0,0.0,0.0,1.0,0.0,0.0,0.0,1.0,0.0,0.0,0.0,0.0
416,0,30.552,0.98,1,0.64,0.38,1.36,0.26,0.70,0.42,0.12,0.48,0.44,1.83,1.89,2.41,0.32,1.39,1.03,2.21,1.43,0.0,0.0,1.0,0.0,0.0,0.0,0.0,0.0,0.0,0.0,0.0,0.0,0.0,1.0,0.0,0.0,0.0,1.0
417,0,30.619,0.98,1,0.84,0.70,1.37,0.63,0.6