Frame,EAR,Blinks,Blink_STD,Pupil_Delta,Gaze_Instability,AU_Score,AU_StressPoints,Stress_Score
1,-,0,0.00,0.00,0.0000,0.00,0.0,0
2,0.60,0,0.00,0.00,0.0000,0.00,0.0,0
3,0.59,0,0.00,0.01,0.0000,0.00,0.0,0
4,0.57,0,0.00,0.01,0.0000,0.00,0.0,0
5,0.55,0,0.00,0.01,0.0000,0.00,0.0,0
6,0.55,0,0.00,0.01,0.1828,0.00,0.0,0
7,0.55,0,0.00,0.01,0.1975,0.00,0.0,0
8,0.57,0,0.00,0.01,0.3311,0.00,0.0,0
9,0.54,0,0.00,0.03,0.6369,0.00,0.0,0
10,0.51,0,0.00,0.03,0.9573,0.00,0.0,0
11,0.08,1,0.00,0.07,1.2726,0.00,0.0,0
12,0.18,1,0.00,0.07,1.7018,0.00,0.0,0
13,0.38,1,0.00,0.07,2.3644,0.00,0.0,0
14,0.42,1,0.00,0.07,3.0442,0.00,0.0,0
15,0.39,1,0.00,0.07,3.5570,0.00,0.0,0
16,0.39,1,0.00,0.07,3.9095,0.00,0.0,0
17,0.42,1,0.00,0.07,4.1602,0.00,0.0,0
18,0.46,1,0.00,0.07,4.3453,0.00,0.0,0
19,0.48,1,0.00,0.07,4.4847,0.00,0.0,0
20,0.43,1,0.00,0.07,4.6394,0.00,0.0,0
21,0.42,1,0.00,0.07,4.8498,0.00,0.0,0
22,0.49,1,0.00,0.07,5.0955,0.00,0.0,0
23,0.52,1,0.00,0.07,5.2941,0.00,0.0,0
24,0.49,1,0.00,0.07,5.4802,0.00,0.0,0
25,0.59,1,0.00,0.07,5.5805,0.00,0.0,0
26,0.55,1,0.00,0.07,5.6223,0.00,0.0,0
27,0.56,1,0.00,0.07,5.6217,0.00,0.0,0
28,0.51,1,0.00,0.07,5.5953,0.00,0.0,0
29,0.54,1,0.00,0.07,5.5629,0.00,0.0,0
30,0.55,1,0.00,0.07,5.5510,0.00,0.0,0
31,0.48,1,0.00,0.07,5.5621,0.00,0.0,0
32,0.48,1,0.00,0.07,5.5682,0.00,0.0,0
33,0.43,1,0.00,0.07,5.5934,0.00,0.0,0
34,0.46,1,0.00,0.07,5.6375,0.00,0.0,0
35,0.43,1,0.00,0.07,5.6606,0.00,0.0,0
36,0.42,1,0.00,0.07,5.6515,0.00,0.0,0
37,0.48,1,0.00,0.07,5.6366,0.00,0.0,0
38,0.48,1,0.00,0.07,5.6238,0.00,0.0,0
39,0.46,1,0.00,0.07,5.6106,0.00,0.0,0
40,0.45,1,0.00,0.07,5.5899,0.00,0.0,0
41,0.47,1,0.00,0.07,5.5677,0.00,0.0,0
42,0.48,1,0.00,0.07,5.5453,0.00,0.0,0
43,0.48,1,0.00,0.07,5.5172,0.00,0.0,0
44,0.48,1,0.00,0.07,5.4828,0.00,0.0,0
45,0.35,1,0.00,0.07,5.4430,0.00,0.0,0
46,0.41,1,0.00,0.07,5.4071,0.00,0.0,0
47,0.35,1,0.00,0.07,5.3878,0.00,0.0,0
48,0.37,1,0.00,0.07,5.3612,0.00,0.0,0
49,0.13,2,0.00,0.07,5.3171,0.00,0.0,0
50,0.11,2,0.00,0.07,5.2717,0.00,0.0,0
51,0.11,2,0.00,0.07,5.2291,0.00,0.0,0
52,0.28,2,0.00,0.07,5.1876,0.00,0.0,0
53,0.41,2,0.00,0.07,5.1478,0.00,0.0,0
54,0.36,2,0.00,0.07,5.1111,0.00,0.0,0
55,0.47,2,0.00,0.07,5.0782,0.00,0.0,0
56,0.42,2,0.00,0.07,5.0469,0.00,0.0,0
57,0.45,2,0.00,0.07,5.0186,0.00,0.0,0
58,0.45,2,0.00,0.07,4.9916,0.00,0.0,0
59,0.46,2,0.00,0.07,4.9653,0.00,0.0,0
60,0.45,2,0.00,0.07,4.9416,0.00,0.0,0
61,0.40,2,0.00,0.07,4.9206,0.00,0.0,0
62,0.44,2,0.00,0.08,4.9012,0.00,0.0,0
63,0.46,2,0.00,0.08,4.8830,0.00,0.0,0
64,0.43,2,0.00,0.08,4.8668,0.00,0.0,0
65,0.14,3,0.80,0.08,4.8584,0.00,0.0,0
66,0.34,3,0.80,0.08,4.8427,0.00,0.0,0
67,0.44,3,0.80,0.13,4.8970,0.00,0.0,0
68,0.37,3,0.80,0.13,4.9490,0.00,0.0,0
69,0.40,3,0.80,0.13,4.9992,0.00,0.0,0
70,0.38,3,0.80,0.13,5.0461,0.00,0.0,0
71,0.39,3,0.80,0.13,5.0874,0.00,0.0,0
72,0.39,3,0.80,0.13,5.1241,0.00,0.0,0
73,0.41,3,0.80,0.13,5.1573,0.00,0.0,0
74,0.42,3,0.80,0.13,5.1883,0.00,0.0,0
75,0.40,3,0.80,0.13,5.2171,0.00,0.0,0
76,0.35,3,0.80,0.13,5.2467,0.00,0.0,0
77,0.35,3,0.80,0.13,5.2716,0.00,0.0,0
78,0.34,3,0.80,0.13,5.2891,0.00,0.0,0
79,0.33,3,0.80,0.13,5.2974,0.00,0.0,0
80,0.37,3,0.80,0.13,5.2774,0.00,0.0,0
81,0.38,3,0.80,0.13,5.2562,0.00,0.0,0
82,0.39,3,0.80,0.13,5.2356,0.00,0.0,0
83,0.37,3,0.80,0.13,5.2152,0.00,0.0,0
84,0.34,3,0.80,0.13,5.1944,0.00,0.0,0
85,0.37,3,0.80,0.13,5.1739,0.00,0.0,0
86,0.36,3,0.80,0.13,5.1539,0.00,0.0,0
87,0.36,3,0.80,0.13,5.1348,0.00,0.0,0
88,0.30,3,0.80,0.14,5.1120,0.00,0.0,0
89,0.37,3,0.80,0.14,5.0948,0.00,0.0,0
90,0.38,3,0.80,0.14,5.0824,0.00,0.0,0
91,0.43,3,0.80,0.14,5.0688,0.00,0.0,0
92,0.39,3,0.80,0.14,5.0516,0.00,0.0,0
93,0.42,3,0.80,0.14,5.0340,0.00,0.0,0
94,0.37,3,0.80,0.14,5.0197,0.00,0.0,0
95,0.40,3,0.80,0.14,5.0128,0.00,0.0,0
96,0.39,3,0.80,0.14,5.0049,0.00,0.0,0
97,0.40,3,0.80,0.14,4.9938,0.00,0.0,0
98,0.43,3,0.80,0.14,4.9800,0.00,0.0,0
99,0.10,4,0.77,0.14,4.9725,0.00,0.0,0
100,0.14,4,0.77,0.17,4.9603,0.00,0.0,0
101,0.26,4,0.77,0.17,4.9464,0.00,0.0,0
102,0.36,4,0.77,0.17,4.9314,0.00,0.0,0
103,0.37,4,0.77,0.17,4.9165,0.00,0.0,0
104,0.37,4,0.77,0.17,4.9019,0.00,0.0,0
105,0.36,4,0.77,0.17,4.8880,0.41,1.5,3
106,0.36,4,0.77,0.17,4.8753,0.41,1.5,3
107,0.39,4,0.77,0.17,4.8633,0.41,1.5,3
108,0.36,4,0.77,0.17,4.8521,0.41,1.5,3
109,0.37,4,0.77,0.17,4.8414,0.41,1.5,3
110,0.38,4,0.77,0.17,4.8308,0.41,1.5,3
111,0.41,4,0.77,0.17,4.8198,0.41,1.5,3
112,0.41,4,0.77,0.17,4.8086,0.41,1.5,3
113,0.41,4,0.77,0.17,4.7972,0.41,1.5,3
114,0.39,4,0.77,0.17,4.7857,0.41,1.5,3
115,0.36,4,0.77,0.17,4.7743,0.41,1.5,3
116,0.37,4,0.77,0.17,4.7631,0.41,1.5,3
117,0.35,4,0.77,0.17,4.7520,0.41,1.5,3
118,0.34,4,0.77,0.17,4.7410,0.41,1.5,3
119,0.35,4,0.77,0.17,4.7306,0.41,1.5,3
120,0.36,4,0.77,0.17,4.7206,0.41,1.5,3
121,0.11,5,0.73,0.17,4.7156,0.41,1.5,3
122,0.03,5,0.73,0.17,4.7095,0.41,1.5,3
123,0.31,5,0.73,0.17,4.7005,0.41,1.5,3
124,0.34,5,0.73,0.17,4.6915,0.41,1.5,3
125,0.33,5,0.73,0.17,4.6821,0.41,1.5,3
126,0.34,5,0.73,0.17,4.6730,0.41,1.5,3
127,0.37,5,0.73,0.17,4.6637,0.41,1.5,3
128,0.37,5,0.73,0.17,4.6543,0.41,1.5,3
129,0.30,5,0.73,0.17,4.6461,0.41,1.5,3
130,0.11,6,0.85,0.17,4.6388,0.41,1.5,3
131,0.31,6,0.85,0.17,4.6301,0.41,1.5,3
132,0.32,6,0.85,0.17,4.6218,0.41,1.5,3
133,0.33,6,0.85,0.17,4.6136,0.41,1.5,3
134,0.35,6,0.85,0.17,4.6057,0.41,1.5,3
135,0.35,6,0.85,0.17,4.5981,0.41,1.5,3
136,0.35,6,0.85,0.17,4.5910,0.41,1.5,3
137,0.35,6,0.85,0.17,4.5841,1.07,1.2,3
138,0.35,6,0.85,0.17,4.5772,1.07,1.2,3
139,0.34,6,0.85,0.17,4.5705,1.07,1.2,3
140,0.23,6,0.85,0.17,4.5649,1.07,1.2,3
141,0.03,7,0.86,0.17,4.5653,1.07,1.2,3
142,0.05,7,0.86,0.23,4.5649,1.07,1.2,3
143,0.30,7,0.86,0.23,4.5639,1.07,1.2,3
144,0.32,7,0.86,0.23,4.5628,1.07,1.2,3
145,0.37,7,0.86,0.23,4.5613,1.07,1.2,3
146,0.36,7,0.86,0.23,4.5597,1.07,1.2,3
147,0.21,7,0.86,0.23,4.5608,1.07,1.2,3
148,0.05,8,0.89,0.23,4.5618,1.07,1.2,3
149,0.09,8,0.89,0.23,4.5616,1.07,1.2,3
150,0.26,8,0.89,0.23,4.5603,1.07,1.2,3
151,0.05,9,0.92,0.23,4.5601,1.07,1.2,3
152,0.07,9,0.92,0.23,4.5591,1.07,1.2,3
153,0.29,9,0.92,0.23,4.5557,1.07,1.2,3
154,0.29,9,0.92,0.23,4.5512,1.07,1.2,3
155,0.30,9,0.92,0.23,4.5461,1.07,1.2,3
156,0.11,10,0.92,0.23,4.5444,1.07,1.2,3
157,0.04,10,0.92,0.23,4.5436,1.07,1.2,3
158,0.11,10,0.92,0.23,4.5428,1.07,1.2,3
159,0.08,10,0.92,0.23,4.5491,1.07,1.2,3
160,0.20,10,0.92,0.23,4.5527,1.07,1.2,3
161,0.22,10,0.92,0.23,4.5542,1.07,1.2,3
162,0.09,11,0.90,0.23,4.5545,1.07,1.2,3
163,0.09,11,0.90,0.23,4.5531,1.07,1.2,3
164,0.09,11,0.90,0.23,4.5524,1.07,1.2,3
165,0.13,11,0.90,0.23,4.5470,1.07,1.2,3
166,0.21,11,0.90,0.23,4.5395,1.07,1.2,3
167,0.20,11,0.90,0.23,4.5318,1.07,1.2,3
168,0.18,12,0.88,0.23,4.5244,1.07,1.2,3
169,0.20,12,0.88,0.23,4.5159,1.07,1.2,3
170,0.26,12,0.88,0.23,4.5073,1.07,1.2,3
171,0.26,12,0.88,0.23,4.4986,1.07,1.2,3
172,0.20,13,0.87,0.23,4.4908,1.07,1.2,3
173,0.27,13,0.87,0.23,4.4840,1.07,1.2,3
174,0.19,14,0.86,0.23,4.4754,1.07,1.2,3
175,0.32,14,0.86,0.23,4.4648,1.07,1.2,3
176,0.33,14,0.86,0.23,4.4536,1.07,1.2,3
177,0.35,14,0.86,0.23,4.4425,1.07,1.2,3
178,0.31,14,0.86,0.23,4.4325,1.07,1.2,3
179,0.39,14,0.86,0.23,4.4358,0.68,2.7,3
180,0.33,14,0.86,0.23,4.4452,0.68,2.7,3
181,0.33,14,0.86,0.23,4.4508,0.68,2.7,3
182,0.40,14,0.86,0.23,4.4470,0.68,2.7,3
183,0.36,14,0.86,0.23,4.4398,0.68,2.7,3
184,0.37,14,0.86,0.23,4.4302,0.68,2.7,3
185,0.37,14,0.86,0.23,4.4197,0.68,2.7,3
186,0.40,14,0.86,0.23,4.4092,0.68,2.7,3
187,0.37,14,0.86,0.23,4.3989,0.68,2.7,3
188,0.35,14,0.86,0.23,4.3901,0.68,2.7,3
189,0.37,14,0.86,0.23,4.3823,0.68,2.7,3
190,0.39,14,0.86,0.23,4.3754,0.68,2.7,3
191,0.38,14,0.86,0.23,4.3684,0.68,2.7,3
192,0.36,14,0.86,0.23,4.3613,0.68,2.7,3
193,0.39,14,0.86,0.23,4.3538,0.68,2.7,3
194,0.35,14,0.86,0.23,4.3457,0.68,2.7,3
195,0.34,14,0.86,0.23,4.3369,0.68,2.7,3
196,0.37,14,0.86,0.23,4.3276,0.68,2.7,3
197,0.41,14,0.86,0.23,4.3184,0.68,2.7,3
198,0.40,14,0.86,0.23,4.3090,0.68,2.7,3
199,0.38,14,0.86,0.23,4.2995,0.68,2.7,3
200,0.39,14,0.86,0.23,4.2899,0.00,0.0,0
201,0.38,14,0.86,0.23,4.2801,0.00,0.0,0
202,0.39,14,0.86,0.23,4.2702,0.00,0.0,0
203,0.41,14,0.86,0.23,4.2605,0.00,0.0,0
204,0.41,14,0.86,0.23,4.2508,0.00,0.0,0
205,0.42,14,0.86,0.23,4.2411,0.00,0.0,0
206,0.40,14,0.86,0.23,4.2316,0.00,0.0,0
207,0.37,14,0.86,0.23,4.2224,0.00,0.0,0
208,0.36,14,0.86,0.23,4.2135,0.00,0.0,0
209,0.36,14,0.86,0.23,4.2046,0.00,0.0,0
210,0.34,14,0.86,0.23,4.1960,0.00,0.0,0
211,0.34,14,0.86,0.23,4.1875,0.00,0.0,0
212,0.33,14,0.86,0.23,4.1803,0.00,0.0,0
213,0.33,14,0.86,0.23,4.1736,0.00,0.0,0
214,0.36,14,0.86,0.23,4.1670,0.00,0.0,0
215,0.38,14,0.86,0.23,4.1606,0.00,0.0,0
216,0.36,14,0.86,0.23,4.1550,0.00,0.0,0
217,0.36,14,0.86,0.23,4.1500,0.00,0.0,0
218,0.38,14,0.86,0.23,4.1452,0.00,0.0,0
219,0.35,14,0.86,0.23,4.1404,0.00,0.0,0
220,0.36,14,0.86,0.23,4.1363,0.00,0.0,0
221,0.37,14,0.86,0.23,4.1324,0.00,0.0,0
222,0.38,14,0.86,0.23,4.1284,0.43,0.0,0
223,0.38,14,0.86,0.23,4.1250,0.43,0.0,0
224,0.40,14,0.86,0.23,4.1216,0.43,0.0,0
225,0.39,14,0.86,0.23,4.1180,0.43,0.0,0
226,0.38,14,0.86,0.23,4.1144,0.43,0.0,0
227,0.37,14,0.86,0.23,4.1104,0.43,0.0,0
228,0.42,14,0.86,0.23,4.1069,0.43,0.0,0
229,0.38,14,0.86,0.23,4.1033,0.43,0.0,0
230,0.41,14,0.86,0.23,4.0997,0.43,0.0,0
231,0.38,14,0.86,0.23,4.0965,0.43,0.0,0
232,0.38,14,0.86,0.23,4.0935,0.43,0.0,0
233,0.37,14,0.86,0.23,4.0905,0.43,0.0,0
234,0.36,14,0.86,0.23,4.0874,0.43,0.0,0
235,0.36,14,0.86,0.23,4.0844,0.43,0.0,0
236,0.35,14,0.86,0.23,4.0814,0.43,0.0,0
237,0.33,14,0.86,0.23,4.0778,0.43,0.0,0
238,0.33,14,0.86,0.23,4.0741,0.43,0.0,0
239,0.35,14,0.86,0.23,4.0703,0.43,0.0,0
240,0.34,14,0.86,0.23,4.0666,0.43,0.0,0
241,0.34,14,0.86,0.23,4.0632,0.43,0.0,0
242,0.37,14,0.86,0.23,4.0603,0.61,1.5,3
243,0.35,14,0.86,0.23,4.0581,0.61,1.5,3
244,0.35,14,0.86,0.23,4.0564,0.61,1.5,3
245,0.35,14,0.86,0.23,4.0545,0.61,1.5,3
246,0.36,14,0.86,0.23,4.0526,0.61,1.5,3
247,0.36,14,0.86,0.23,4.0504,0.61,1.5,3
248,0.37,14,0.86,0.23,4.0485,0.61,1.5,3
249,0.36,14,0.86,0.23,4.0465,0.61,1.5,3
250,0.35,14,0.86,0.23,4.0432,0.61,1.5,3
251,0.39,14,0.86,0.23,4.0391,0.61,1.5,3
252,0.40,14,0.86,0.23,4.0344,0.61,1.5,3
253,0.38,14,0.86,0.23,4.0296,0.61,1.5,3
254,0.40,14,0.86,0.23,4.0247,0.61,1.5,3
255,0.39,14,0.86,0.23,4.0196,0.45,0.0,0
256,0.39,14,0.86,0.23,4.0145,0.45,0.0,0
257,0.39,14,0.86,0.23,4.0094,0.45,0.0,0
258,0.38,14,0.86,0.23,4.0043,0.45,0.0,0
259,0.39,14,0.86,0.23,3.9994,0.45,0.0,0
260,0.39,14,0.86,0.23,3.9944,0.45,0.0,0
261,0.39,14,0.86,0.23,3.9895,0.45,0.0,0
262,0.40,14,0.86,0.23,3.9845,0.45,0.0,0
263,0.37,14,0.86,0.23,3.9794,0.45,0.0,0
264,0.39,14,0.86,0.23,3.9737,0.45,0.0,0
265,0.38,14,0.86,0.23,3.9680,0.45,0.0,0
266,0.39,14,0.86,0.23,3.9623,0.45,0.0,0
267,0.39,14,0.86,0.23,3.9564,0.45,0.0,0
268,0.40,14,0.86,0.23,3.9506,0.45,0.0,0
269,0.39,14,0.86,0.23,3.9447,0.45,0.0,0
270,0.35,14,0.86,0.23,3.9392,0.45,0.0,0
271,0.35,14,0.86,0.23,3.9336,0.45,0.0,0
272,0.37,14,0.86,0.23,3.9283,0.45,0.0,0
273,0.35,14,0.86,0.23,3.9230,0.45,0.0,0
274,0.32,14,0.86,0.23,3.9179,0.45,0.0,0
275,0.31,14,0.86,0.23,3.9127,0.53,0.7,3
276,0.34,14,0.86,0.23,3.9072,0.53,0.7,3
277,0.36,14,0.86,0.23,3.9014,0.53,0.7,3
278,0.35,14,0.86,0.23,3.8956,0.53,0.7,3
279,0.32,14,0.86,0.23,3.8902,0.53,0.7,3
280,0.35,14,0.86,0.23,3.8855,0.53,0.7,3
281,0.36,14,0.86,0.23,3.8811,0.53,0.7,3
282,0.35,14,0.86,0.23,3.8770,0.53,0.7,3
283,0.10,15,2.29,0.23,3.8726,0.53,0.7,3
284,0.07,15,2.29,0.23,3.8686,0.53,0.7,3
285,0.03,15,2.29,0.23,3.8638,0.53,0.7,3
286,0.19,15,2.29,0.23,3.8590,0.53,0.7,3
287,0.21,15,2.29,0.23,3.8542,0.53,0.7,3
288,0.22,15,2.29,0.23,3.8492,0.53,0.7,3
289,0.15,16,2.22,0.23,3.8444,0.53,0.7,3
290,0.17,16,2.22,0.23,3.8397,0.53,0.7,3
291,0.26,16,2.22,0.23,3.8351,0.53,0.7,3
292,0.26,16,2.22,0.23,3.8302,0.53,0.7,3
293,0.28,16,2.22,0.23,3.8251,0.53,0.7,3
294,0.27,16,2.22,0.23,3.8198,0.53,0.7,3
295,0.33,16,2.22,0.23,3.8145,0.53,0.7,3
296,0.34,16,2.22,0.23,3.8094,0.53,0.7,3
297,0.38,16,2.22,0.23,3.8043,0.47,0.0,2
298,0.36,16,2.22,0.23,3.7993,0.47,0.0,2
299,0.35,16,2.22,0.23,3.7941,0.47,0.0,2
300,0.38,16,2.22,0.23,3.7888,0.47,0.0,2
301,0.38,16,2.22,0.23,3.7836,0.47,0.0,2
302,0.38,16,2.22,0.23,3.7790,0.47,0.0,2
303,0.40,16,2.22,0.23,3.7748,0.47,0.0,2
304,0.39,16,2.22,0.23,3.7707,0.47,0.0,2
305,0.39,16,2.22,0.23,3.7668,0.47,0.0,2
306,0.39,16,2.22,0.23,3.7628,0.47,0.0,2
307,0.40,16,2.22,0.23,3.7586,0.47,0.0,2
308,0.40,16,2.22,0.23,3.7539,0.47,0.0,2
309,0.40,16,2.22,0.23,3.7489,0.47,0.0,2
310,0.39,16,2.22,0.23,3.7438,0.47,0.0,2
311,0.41,16,2.22,0.23,3.7386,0.47,0.0,2
312,0.40,16,2.22,0.23,3.7333,0.47,0.0,2
313,0.40,16,2.22,0.23,3.7280,0.47,0.0,2
314,0.40,16,2.22,0.23,3.7227,0.47,0.0,2
315,0.41,16,2.22,0.23,3.7173,0.37,0.0,2
316,0.40,16,2.22,0.23,3.7120,0.37,0.0,2
317,0.41,16,2.22,0.23,3.7067,0.37,0.0,2
318,0.41,16,2.22,0.23,3.7015,0.37,0.0,2
319,0.39,16,2.22,0.23,3.6962,0.37,0.0,2
320,0.40,16,2.22,0.23,3.6910,0.37,0.0,2
321,0.41,16,2.22,0.23,3.6857,0.37,0.0,2
322,0.42,16,2.22,0.23,3.6806,0.37,0.0,2
323,0.43,16,2.22,0.23,3.6755,0.37,0.0,2
324,0.44,16,2.22,0.23,3.6705,0.37,0.0,2
325,0.43,16,2.22,0.23,3.6655,0.37,0.0,2
326,0.43,16,2.22,0.23,3.6605,0.37,0.0,2
327,0.41,16,2.22,0.23,3.6556,0.37,0.0,2
328,0.40,16,2.22,0.23,3.6507,0.37,0.0,2
329,0.38,16,2.22,0.23,3.6459,0.37,0.0,2
330,0.39,16,2.22,0.23,3.6413,0.37,0.0,2
331,0.40,16,2.22,0.23,3.6368,0.37,0.0,2
332,0.05,17,2.21,0.23,3.6333,0.37,0.0,2
333,0.04,17,2.21,0.23,3.6302,0.37,0.0,2
334,0.20,17,2.21,0.23,3.6275,0.37,0.0,2
335,0.31,17,2.21,0.23,3.6274,0.37,0.0,2
336,0.32,17,2.21,0.23,3.6281,0.37,0.0,2
337,0.32,17,2.21,0.23,3.6308,0.00,0.0,2
338,0.32,17,2.21,0.23,3.6339,0.00,0.0,2
339,0.35,17,2.21,0.23,3.6365,0.00,0.0,2
340,0.36,17,2.21,0.23,3.6386,0.00,0.0,2
341,0.34,17,2.21,0.23,3.6403,0.00,0.0,2
342,0.36,17,2.21,0.23,3.6409,0.00,0.0,2
343,0.33,17,2.21,0.23,3.6402,0.00,0.0,2
344,0.34,17,2.21,0.23,3.6392,0.00,0.0,2
345,0.40,17,2.21,0.23,3.6388,0.00,0.0,2
346,0.38,17,2.21,0.23,3.6391,0.00,0.0,2
347,0.32,17,2.21,0.23,3.6424,0.00,0.0,2
348,0.05,18,2.14,0.23,3.6530,0.00,0.0,2
349,0.15,18,2.14,0.23,3.6610,0.00,0.0,2
350,0.33,18,2.14,0.23,3.6678,0.00,0.0,2
351,0.37,18,2.14,0.23,3.6725,0.00,0.0,2
352,0.35,18,2.14,0.23,3.6756,0.00,0.0,2
353,0.37,18,2.14,0.23,3.6772,0.00,0.0,2
354,0.34,18,2.14,0.23,3.6770,0.61,0.0,2
355,0.33,18,2.14,0.23,3.6756,0.61,0.0,2
356,0.33,18,2.14,0.23,3.6735,0.61,0.0,2
357,0.33,18,2.14,0.23,3.6713,0.61,0.0,2
358,0.25,18,2.14,0.23,3.6731,0.61,0.0,2
359,0.30,18,2.14,0.23,3.6783,0.61,0.0,2
360,0.33,18,2.14,0.23,3.6844,0.61,0.0,2
361,0.34,18,2.14,0.23,3.6903,0.61,0.0,2
362,0.35,18,2.14,0.23,3.6959,0.61,0.0,2
363,0.33,18,2.14,0.23,3.7013,0.61,0.0,2
364,0.35,18,2.14,0.23,3.7067,0.61,0.0,2
365,0.34,18,2.14,0.23,3.7117,0.61,0.0,2
366,0.35,18,2.14,0.23,3.7162,0.61,0.0,2
367,0.33,18,2.14,0.23,3.7202,0.61,0.0,2
368,0.33,18,2.14,0.23,3.7241,0.61,0.0,2
369,0.36,18,2.14,0.23,3.7275,0.61,0.0,2
370,0.36,18,2.14,0.23,3.7307,0.61,0.0,2
371,0.37,18,2.14,0.23,3.7338,0.61,0.0,2
372,0.38,18,2.14,0.23,3.7369,0.47,0.0,2
373,0.38,18,2.14,0.23,3.7398,0.47,0.0,2
374,0.39,18,2.14,0.23,3.7426,0.47,0.0,2
375,0.38,18,2.14,0.23,3.7454,0.47,0.0,2
376,0.13,19,2.09,0.23,3.7491,0.47,0.0,2
377,0.11,19,2.09,0.23,3.7540,0.47,0.0,2
378,0.40,19,2.09,0.23,3.7635,0.47,0.0,2
379,0.45,19,2.09,0.23,3.7728,0.47,0.0,2
380,0.45,19,2.09,0.23,3.7820,0.47,0.0,2
381,0.45,19,2.09,0.23,3.7911,0.47,0.0,2
382,0.45,19,2.09,0.23,3.8000,0.47,0.0,2
383,0.46,19,2.09,0.23,3.8089,0.47,0.0,2
384,0.47,19,2.09,0.23,3.8177,0.47,0.0,2
385,0.46,19,2.09,0.23,3.8263,0.47,0.0,2
386,0.46,19,2.09,0.23,3.8347,0.47,0.0,2
387,0.45,19,2.09,0.23,3.8430,0.47,0.0,2
388,0.44,19,2.09,0.23,3.8511,0.47,0.0,2
389,0.44,19,2.09,0.23,3.8586,0.47,0.0,2
390,0.31,19,2.09,0.23,3.8622,0.47,0.0,2
391,0.33,19,2.09,0.23,3.8650,0.47,0.0,2
392,0.36,19,2.09,0.23,3.8676,0.76,2.2,3
393,0.38,19,2.09,0.23,3.8703,0.76,2.2,3
394,0.38,19,2.09,0.23,3.8730,0.76,2.2,3
395,0.38,19,2.09,0.23,3.8757,0.76,2.2,3
396,0.36,19,2.09,0.23,3.8783,0.76,2.2,3
397,0.37,19,2.09,0.23,3.8810,0.76,2.2,3
398,0.37,19,2.09,0.23,3.8835,0.76,2.2,3
399,0.38,19,2.09,0.23,3.8859,0.76,2.2,3
400,0.37,19,2.09,0.23,3.8880,0.76,2.2,3
401,0.37,19,2.09,0.23,3.8902,0.76,2.2,3
402,0.37,19,2.09,0.23,3.8922,0.76,2.2,3
403,0.36,19,2.09,0.23,3.8942,0.76,2.2,3
404,0.36,19,2.09,0.23,3.8962,0.76,2.2,3
405,0.35,19,2.09,0.23,3.8983,0.76,2.2,3
406,0.35,19,2.09,0.23,3.9004,0.76,2.2,3
407,0.38,19,2.09,0.23,3.9025,0.76,2.2,3
408,0.39,19,2.09,0.23,3.9045,0.76,2.2,3
409,0.40,19,2.09,0.23,3.9066,0.76,2.2,3
410,0.42,19,2.09,0.23,3.9093,0.76,2.2,3
411,0.44,19,2.09,0.23,3.9150,0.76,2.2,3
412,0.44,19,2.09,0.23,3.9215,0.76,2.2,3
413,0.45,19,2.09,0.23,3.9280,0.91,0.7,2
414,0.45,19,2.09,0.23,3.9346,0.91,0.7,2
415,0.46,19,2.09,0.23,3.9412,0.91,0.7,2
416,0.46,19,2.09,0.23,3.9479,0.91,0.7,2
417,0.47,19,2.09,0.23,3.9546,0.91,0.7,2
418,0.47,19,2.09,0.23,3.9612,0.91,0.7,2
419,0.46,19,2.09,0.23,3.9677,0.91,0.7,2
420,0.45,19,2.09,0.23,3.9738,0.91,0.7,2
421,0.48,19,2.09,0.23,3.9795,0.91,0.7,2
422,0.37,19,2.09,0.23,3.9832,0.91,0.7,2
423,0.17,20,2.08,0.23,3.9840,0.91,0.7,2
424,0.13,20,2.08,0.23,3.9838,0.91,0.7,2
425,0.30,20,2.08,0.23,3.9834,0.91,0.7,2
426,0.29,20,2.08,0.23,3.9826,0.91,0.7,2
427,0.28,20,2.08,0.23,3.9813,0.91,0.7,2
428,0.31,20,2.08,0.23,3.9796,0.91,0.7,2
429,0.30,20,2.08,0.23,3.9772,0.91,0.7,2
430,0.30,20,2.08,0.23,3.9745,0.91,0.7,2
431,0.29,20,2.08,0.23,3.9716,0.91,0.7,2
432,0.30,20,2.08,0.23,3.9686,0.91,0.7,2
433,0.32,20,2.08,0.23,3.9655,0.68,2.2,3
434,0.30,20,2.08,0.23,3.9623,0.68,2.2,3
435,0.31,20,2.08,0.23,3.9590,0.68,2.2,3
436,0.30,20,2.08,0.23,3.9558,0.68,2.2,3
437,0.31,20,2.08,0.23,3.9526,0.68,2.2,3
438,0.31,20,2.08,0.23,3.9495,0.68,2.2,3
439,0.34,20,2.08,0.23,3.9465,0.68,2.2,3
440,0.35,20,2.08,0.23,3.9434,0.68,2.2,3
441,0.34,20,2.08,0.23,3.9404,0.68,2.2,3
442,0.36,20,2.08,0.23,3.9374,0.68,2.2,3
443,0.36,20,2.08,0.23,3.9344,0.68,2.2,3
444,0.36,20,2.08,0.23,3.9314,0.68,2.2,3
445,0.35,20,2.08,0.23,3.9284,0.68,2.2,3
446,0.05,21,2.03,0.23,3.9251,0.68,2.2,3
447,0.03,21,2.03,0.23,3.9215,0.68,2.2,3
448,0.06,21,2.03,0.23,3.9182,0.68,2.2,3
449,0.16,21,2.03,0.23,3.9147,0.68,2.2,3
450,0.19,21,2.03,0.23,3.9112,0.68,2.2,3
451,0.31,21,2.03,0.23,3.9082,0.68,2.2,3
452,0.34,21,2.03,0.23,3.9051,0.68,2.2,3
453,0.35,21,2.03,0.23,3.9020,0.68,2.2,3
454,0.36,21,2.03,0.23,3.8989,0.68,2.2,3
455,0.37,21,2.03,0.23,3.8957,0.68,2.2,3
456,0.34,21,2.03,0.23,3.8925,0.68,2.2,3
457,0.38,21,2.03,0.23,3.8890,0.66,1.5,3
458,0.37,21,2.03,0.23,3.8854,0.66,1.5,3
459,0.05,22,1.99,0.23,3.8819,0.66,1.5,3
460,0.32,22,1.99,0.23,3.8782,0.66,1.5,3
461,0.32,22,1.99,0.23,3.8744,0.66,1.5,3
462,0.35,22,1.99,0.23,3.8707,0.66,1.5,3
463,0.35,22,1.99,0.23,3.8668,0.66,1.5,3
464,0.36,22,1.99,0.23,3.8629,0.66,1.5,3
465,0.38,22,1.99,0.23,3.8589,0.66,1.5,3
466,0.37,22,1.99,0.23,3.8550,0.66,1.5,3
467,0.38,22,1.99,0.23,3.8510,0.66,1.5,3
468,0.37,22,1.99,0.23,3.8471,0.66,1.5,3
469,0.36,22,1.99,0.23,3.8432,0.66,1.5,3
470,0.37,22,1.99,0.23,3.8392,0.66,1.5,3
471,0.34,22,1.99,0.23,3.8354,0.66,1.5,3
472,0.38,22,1.99,0.23,3.8316,0.66,1.5,3
473,0.35,22,1.99,0.23,3.8279,0.66,1.5,3
474,0.36,22,1.99,0.23,3.8242,0.66,1.5,3
475,0.37,22,1.99,0.23,3.8205,0.00,0.0,0
476,0.39,22,1.99,0.23,3.8169,0.00,0.0,0
477,0.03,23,1.94,0.23,3.8139,0.00,0.0,0
478,0.16,23,1.94,0.23,3.8105,0.00,0.0,0
479,0.19,23,1.94,0.23,3.8072,0.00,0.0,0
480,0.25,23,1.94,0.23,3.8038,0.00,0.0,0
481,0.22,23,1.94,0.23,3.8005,0.00,0.0,0
482,0.36,23,1.94,0.23,3.7971,0.00,0.0,0
483,0.37,23,1.94,0.23,3.7939,0.00,0.0,0
484,0.37,23,1.94,0.23,3.7906,0.00,0.0,0
485,0.37,23,1.94,0.23,3.7873,0.00,0.0,0
486,0.38,23,1.94,0.23,3.7840,0.00,0.0,0
487,0.38,23,1.94,0.23,3.7808,0.00,0.0,0
488,0.39,23,1.94,0.23,3.7776,0.00,0.0,0
489,0.40,23,1.94,0.23,3.7742,0.61,1.2,3
490,0.39,23,1.94,0.23,3.7706,0.61,1.2,3
491,0.36,23,1.94,0.23,3.7670,0.61,1.2,3
492,0.36,23,1.94,0.23,3.7637,0.61,1.2,3
493,0.38,23,1.94,0.23,3.7616,0.61,1.2,3
494,0.36,23,1.94,0.23,3.7612,0.61,1.2,3
495,0.35,23,1.94,0.23,3.7632,0.61,1.2,3
496,0.37,23,1.94,0.23,3.7687,0.61,1.2,3
497,0.37,23,1.94,0.23,3.7796,0.61,1.2,3
498,0.38,23,1.94,0.23,3.7958,0.61,1.2,3
499,0.38,23,1.94,0.23,3.8187,0.61,1.2,3
500,0.37,23,1.94,0.23,3.8484,0.61,1.2,3
501,0.38,23,1.94,0.23,3.8840,0.61,1.2,3
502,0.37,23,1.94,0.23,3.9243,0.61,1.2,3
503,0.36,23,1.94,0.23,3.9682,0.61,1.2,3
504,0.39,23,1.94,0.23,4.0139,0.61,1.2,3
505,0.40,23,1.94,0.23,4.0598,0.61,1.2,3
506,0.35,23,1.94,0.23,4.1050,0.75,1.5,3
507,0.31,23,1.94,0.23,4.1535,0.75,1.5,3
508,0.34,23,1.94,0.23,4.2013,0.75,1.5,3
509,0.34,23,1.94,0.23,4.2474,0.75,1.5,3
510,0.35,23,1.94,0.23,4.2943,0.75,1.5,3
511,0.34,23,1.94,0.23,4.3396,0.75,1.5,3
512,0.32,23,1.94,0.23,4.3832,0.75,1.5,3
513,0.34,23,1.94,0.23,4.4235,0.75,1.5,3
514,0.35,23,1.94,0.23,4.4581,0.75,1.5,3
515,0.33,23,1.94,0.23,4.4874,0.75,1.5,3
516,0.36,23,1.94,0.23,4.5091,0.75,1.5,3
517,0.32,23,1.94,0.23,4.5263,0.75,1.5,3
518,0.33,23,1.94,0.23,4.5410,0.75,1.5,3
519,0.40,23,1.94,0.23,4.5540,0.75,1.5,3
520,0.33,23,1.94,0.23,4.5653,0.75,1.5,3
521,0.36,23,1.94,0.23,4.5756,0.75,1.5,3
522,0.34,23,1.94,0.23,4.5849,0.75,1.5,3
523,0.33,23,1.94,0.23,4.5930,0.75,1.5,3
524,0.29,23,1.94,0.23,4.5995,0.75,1.5,3
525,0.33,23,1.94,0.23,4.6046,0.75,1.5,3
526,0.32,23,1.94,0.23,4.6089,0.75,1.5,3
527,0.32,23,1.94,0.23,4.6124,0.75,1.5,3
528,0.29,23,1.94,0.23,4.6149,0.62,3.4,3
529,0.30,23,1.94,0.23,4.6164,0.62,3.4,3
530,0.04,24,1.99,0.23,4.6172,0.62,3.4,3
531,0.06,24,1.99,0.23,4.6166,0.62,3.4,3
532,0.26,24,1.99,0.23,4.6151,0.62,3.4,3
533,0.29,24,1.99,0.23,4.6133,0.62,3.4,3
534,0.32,24,1.99,0.23,4.6112,0.62,3.4,3
535,0.37,24,1.99,0.23,4.6089,0.62,3.4,3
536,0.36,24,1.99,0.23,4.6064,0.62,3.4,3
537,0.38,24,1.99,0.23,4.6039,0.62,3.4,3
538,0.39,24,1.99,0.23,4.6016,0.62,3.4,3
539,0.34,24,1.99,0.23,4.5987,0.62,3.4,3
540,0.35,24,1.99,0.23,4.5956,0.62,3.4,3
541,0.40,24,1.99,0.23,4.5923,0.62,3.4,3
542,0.40,24,1.99,0.23,4.5891,0.62,3.4,3
543,0.37,24,1.99,0.23,4.5859,0.62,3.4,3
544,0.37,24,1.99,0.23,4.5828,0.62,3.4,3
545,0.40,24,1.99,0.23,4.5801,0.62,3.4,3
546,0.41,24,1.99,0.23,4.5774,0.62,3.4,3
547,0.39,24,1.99,0.23,4.5747,0.62,3.4,3
548,0.39,24,1.99,0.23,4.5720,0.62,3.4,3
549,0.39,24,1.99,0.23,4.5693,0.62,3.4,3
550,0.37,24,1.99,0.23,4.5668,1.05,2.2,3
551,0.33,24,1.99,0.23,4.5644,1.05,2.2,3
552,0.34,24,1.99,0.23,4.5622,1.05,2.2,3
553,0.35,24,1.99,0.23,4.5603,1.05,2.2,3
554,0.12,25,1.95,0.23,4.5596,1.05,2.2,3
555,0.12,25,1.95,0.23,4.5607,1.05,2.2,3
556,0.30,25,1.95,0.23,4.5613,1.05,2.2,3
557,0.30,25,1.95,0.23,4.5617,1.05,2.2,3
558,0.32,25,1.95,0.23,4.5620,1.05,2.2,3
559,0.32,25,1.95,0.23,4.5624,1.05,2.2,3
560,0.31,25,1.95,0.23,4.5627,1.05,2.2,3
561,0.31,25,1.95,0.23,4.5633,1.05,2.2,3
562,0.31,25,1.95,0.23,4.5641,1.05,2.2,3
563,0.32,25,1.95,0.23,4.5649,1.05,2.2,3
564,0.32,25,1.95,0.23,4.5657,1.05,2.2,3
565,0.31,25,1.95,0.23,4.5662,1.05,2.2,3
566,0.30,25,1.95,0.23,4.5655,1.05,2.2,3
567,0.34,25,1.95,0.23,4.5636,1.05,2.2,3
568,0.36,25,1.95,0.23,4.5610,1.05,2.2,3
569,0.34,25,1.95,0.23,4.5584,0.81,2.2,3
570,0.36,25,1.95,0.23,4.5565,0.81,2.2,3
571,0.36,25,1.95,0.23,4.5547,0.81,2.2,3
572,0.36,25,1.95,0.23,4.5530,0.81,2.2,3
573,0.36,25,1.95,0.23,4.5514,0.81,2.2,3
574,0.36,25,1.95,0.23,4.5498,0.81,2.2,3
575,0.36,25,1.95,0.23,4.5480,0.81,2.2,3
576,0.33,25,1.95,0.23,4.5460,0.81,2.2,3
577,0.34,25,1.95,0.23,4.5439,0.81,2.2,3
578,0.34,25,1.95,0.23,4.5416,0.81,2.2,3
579,0.25,25,1.95,0.23,4.5392,0.81,2.2,3
580,0.28,25,1.95,0.23,4.5363,0.81,2.2,3
581,0.33,25,1.95,0.23,4.5334,0.81,2.2,3
582,0.35,25,1.95,0.23,4.5302,0.81,2.2,3
583,0.35,25,1.95,0.23,4.5267,0.81,2.2,3
584,0.06,26,1.92,0.23,4.5231,0.81,2.2,3
585,0.21,26,1.92,0.23,4.5198,0.81,2.2,3
586,0.30,26,1.92,0.23,4.5176,0.81,2.2,3
587,0.32,26,1.92,0.23,4.5167,0.48,1.5,3
588,0.34,26,1.92,0.23,4.5156,0.48,1.5,3
589,0.35,26,1.92,0.23,4.5145,0.48,1.5,3
590,0.37,26,1.92,0.23,4.5135,0.48,1.5,3
591,0.34,26,1.92,0.23,4.5126,0.48,1.5,3
592,0.31,26,1.92,0.23,4.5120,0.48,1.5,3
593,0.31,26,1.92,0.23,4.5118,0.48,1.5,3
594,0.35,26,1.92,0.23,4.5120,0.48,1.5,3
595,0.36,26,1.92,0.23,4.5122,0.48,1.5,3
596,0.36,26,1.92,0.23,4.5120,0.48,1.5,3
597,0.32,26,1.92,0.23,4.5116,0.48,1.5,3
598,0.33,26,1.92,0.23,4.5104,0.48,1.5,3
599,0.05,27,1.88,0.23,4.5077,0.48,1.5,3
600,0.13,27,1.88,0.23,4.5048,0.48,1.5,3
601,0.31,27,1.88,0.23,4.5023,0.48,1.5,3
602,0.32,27,1.88,0.23,4.4997,0.48,1.5,3
603,0.33,27,1.88,0.23,4.4971,0.48,1.5,3
604,0.36,27,1.88,0.23,4.4944,0.48,1.5,3
605,0.36,27,1.88,0.23,4.4915,0.48,1.5,3
606,0.32,27,1.88,0.23,4.4885,0.00,0.0,0
607,0.10,28,1.86,0.23,4.4852,0.00,0.0,0
608,0.07,28,1.86,0.23,4.4821,0.00,0.0,0
609,0.28,28,1.86,0.23,4.4794,0.00,0.0,0
610,0.31,28,1.86,0.23,4.4768,0.00,0.0,0
611,0.33,28,1.86,0.23,4.4742,0.00,0.0,0
612,0.33,28,1.86,0.23,4.4717,0.00,0.0,0
613,0.14,29,1.84,0.23,4.4689,0.00,0.0,0
614,0.19,29,1.84,0.23,4.4665,0.00,0.0,0
615,0.33,29,1.84,0.23,4.4642,0.00,0.0,0
616,0.34,29,1.84,0.23,4.4620,0.00,0.0,0
617,0.35,29,1.84,0.23,4.4598,0.00,0.0,0
618,0.08,30,1.83,0.23,4.4571,0.00,0.0,0
619,0.07,30,1.83,0.23,4.4544,0.00,0.0,0
620,0.35,30,1.83,0.23,4.4520,0.00,0.0,0
621,0.38,30,1.83,0.23,4.4497,0.00,0.0,0
622,0.36,30,1.83,0.23,4.4475,0.00,0.0,0
623,0.40,30,1.83,0.23,4.4453,0.00,0.0,0
624,0.37,30,1.83,0.23,4.4432,0.00,0.0,0
625,0.38,30,1.83,0.23,4.4410,0.67,1.2,3
626,0.38,30,1.83,0.23,4.4389,0.67,1.2,3
627,0.39,30,1.83,0.23,4.4367,0.67,1.2,3
628,0.39,30,1.83,0.23,4.4345,0.67,1.2,3
629,0.39,30,1.83,0.23,4.4323,0.67,1.2,3
630,0.37,30,1.83,0.23,4.4301,0.67,1.2,3
631,0.38,30,1.83,0.23,4.4278,0.67,1.2,3
632,0.39,30,1.83,0.23,4.4255,0.67,1.2,3
633,0.40,30,1.83,0.23,4.4233,0.67,1.2,3
634,0.14,31,1.80,0.23,4.4204,0.67,1.2,3
635,0.07,31,1.80,0.23,4.4175,0.67,1.2,3
636,0.06,31,1.80,0.23,4.4147,0.67,1.2,3
637,0.05,31,1.80,0.23,4.4119,0.67,1.2,3
638,0.28,31,1.80,0.23,4.4097,0.67,1.2,3
639,0.36,31,1.80,0.23,4.4076,0.67,1.2,3
640,0.34,31,1.80,0.23,4.4054,0.67,1.2,3
641,0.33,31,1.80,0.23,4.4033,0.67,1.2,3
642,0.33,31,1.80,0.23,4.4011,0.67,1.2,3
643,0.36,31,1.80,0.23,4.3990,0.67,1.2,3
644,0.35,31,1.80,0.23,4.3969,0.67,1.2,3
645,0.35,31,1.80,0.23,4.3947,0.67,1.2,3
646,0.36,31,1.80,0.23,4.3925,0.94,2.7,3
647,0.39,31,1.80,0.23,4.3904,0.94,2.7,3
648,0.39,31,1.80,0.23,4.3882,0.94,2.7,3
649,0.39,31,1.80,0.23,4.3860,0.94,2.7,3
650,0.39,31,1.80,0.23,4.3838,0.94,2.7,3
651,0.41,31,1.80,0.23,4.3815,0.94,2.7,3
652,0.39,31,1.80,0.23,4.3793,0.94,2.7,3
653,0.39,31,1.80,0.23,4.3770,0.94,2.7,3
654,0.39,31,1.80,0.23,4.3746,0.94,2.7,3
655,0.39,31,1.80,0.23,4.3722,0.94,2.7,3
656,0.38,31,1.80,0.23,4.3697,0.94,2.7,3
657,0.38,31,1.80,0.23,4.3672,0.94,2.7,3
658,0.38,31,1.80,0.23,4.3645,0.94,2.7,3
659,0.36,31,1.80,0.23,4.3617,0.62,2.7,3
660,0.36,31,1.80,0.23,4.3588,0.62,2.7,3
661,0.37,31,1.80,0.23,4.3559,0.62,2.7,3
662,0.37,31,1.80,0.23,4.3530,0.62,2.7,3
663,0.38,31,1.80,0.23,4.3501,0.62,2.7,3
664,0.39,31,1.80,0.23,4.3472,0.62,2.7,3
665,0.37,31,1.80,0.23,4.3443,0.62,2.7,3
666,0.40,31,1.80,0.23,4.3414,0.62,2.7,3
667,0.39,31,1.80,0.23,4.3386,0.62,2.7,3
668,0.38,31,1.80,0.23,4.3358,0.62,2.7,3
669,0.37,31,1.80,0.23,4.3332,0.62,2.7,3
670,0.39,31,1.80,0.23,4.3306,0.62,2.7,3
671,0.38,31,1.80,0.23,4.3280,0.62,2.7,3
672,0.38,31,1.80,0.23,4.3255,0.62,2.7,3
673,0.38,31,1.80,0.23,4.3230,0.62,2.7,3
674,0.36,31,1.80,0.23,4.3204,0.62,2.7,3
675,0.09,32,1.82,0.23,4.3176,0.62,2.7,3
676,0.06,32,1.82,0.23,4.3148,0.62,2.7,3
677,0.23,32,1.82,0.23,4.3119,0.62,2.7,3
678,0.28,32,1.82,0.23,4.3091,0.62,2.7,3
679,0.33,32,1.82,0.23,4.3063,0.62,2.7,3
680,0.33,32,1.82,0.23,4.3036,0.67,1.9,2
681,0.31,32,1.82,0.23,4.3009,0.67,1.9,2
682,0.32,32,1.82,0.23,4.2984,0.67,1.9,2
683,0.29,32,1.82,0.23,4.2961,0.67,1.9,2
684,0.07,33,1.80,0.23,4.2936,0.67,1.9,2
685,0.31,33,1.80,0.23,4.2915,0.67,1.9,2
686,0.26,33,1.80,0.23,4.2889,0.67,1.9,2
687,0.11,34,1.79,0.23,4.2864,0.67,1.9,2
688,0.05,34,1.79,0.23,4.2836,0.67,1.9,2
689,0.09,34,1.79,0.23,4.2807,0.67,1.9,2
690,0.05,34,1.79,0.23,4.2779,0.67,1.9,2
691,0.22,34,1.79,0.23,4.2754,0.67,1.9,2
692,0.21,34,1.79,0.23,4.2734,0.67,1.9,2
693,0.15,35,1.77,0.35,4.2729,0.67,1.9,2
694,0.24,35,1.77,0.35,4.2749,0.67,1.9,2
695,0.05,36,1.76,0.35,4.2773,0.67,1.9,2
696,0.11,36,1.76,0.35,4.2791,0.00,0.0,2
697,0.14,36,1.76,0.35,4.2795,0.00,0.0,2
698,0.17,36,1.76,0.38,4.2791,0.00,0.0,2
699,0.15,36,1.76,0.38,4.2805,0.00,0.0,2
700,0.29,36,1.76,0.38,4.2812,0.00,0.0,2
701,0.33,36,1.76,0.38,4.2812,0.00,0.0,2
702,0.35,36,1.76,0.38,4.2856,0.00,0.0,2
703,0.35,36,1.76,0.38,4.2964,0.00,0.0,2
704,0.36,36,1.76,0.38,4.3098,0.00,0.0,2
705,0.40,36,1.76,0.38,4.3263,0.00,0.0,2
706,0.38,36,1.76,0.38,4.3509,0.00,0.0,2
707,0.37,36,1.76,0.38,4.3807,0.00,0.0,2
708,0.42,36,1.76,0.38,4.4064,0.00,0.0,2
709,0.44,36,1.76,0.38,4.4189,0.00,0.0,2
710,0.26,36,1.76,0.38,4.4235,0.00,0.0,2
711,0.17,37,1.73,0.38,4.4249,0.00,0.0,2
712,0.13,37,1.73,0.38,4.4271,0.00,0.0,2
713,0.22,37,1.73,0.38,4.4306,0.00,0.0,2
714,0.17,38,1.72,0.38,4.4340,0.00,0.0,2
715,0.21,38,1.72,0.38,4.4370,0.00,0.0,2
716,0.07,39,1.72,0.38,4.4384,0.00,0.0,2
717,0.21,39,1.72,0.38,4.4376,0.00,0.0,2
718,0.21,39,1.72,0.38,4.4352,0.00,0.0,2
719,0.27,39,1.72,0.38,4.4331,0.00,0.0,2
720,0.31,39,1.72,0.38,4.4351,0.00,0.0,2
721,0.19,40,1.70,0.38,4.4391,0.00,0.0,2
722,0.21,40,1.70,0.38,4.4492,0.00,0.0,2
723,0.25,40,1.70,0.38,4.4637,0.00,0.0,2
724,-,40,0.00,0.00,0.0000,0.00,0.0,0
725,-,40,0.00,0.00,0.0000,0.00,0.0,0
726,0.16,41,1.69,0.38,4.4865,0.00,0.0,2
727,0.26,41,1.69,0.38,4.5034,0.00,0.0,2
728,0.37,41,1.69,0.38,4.5157,0.00,0.0,2
729,0.38,41,1.69,0.38,4.5222,0.00,0.0,2
730,0.37,41,1.69,0.38,4.5207,0.00,0.0,2
731,0.41,41,1.69,0.38,4.5233,0.00,0.0,2
732,0.41,41,1.69,0.38,4.5220,0.00,0.0,2
733,0.40,41,1.69,0.38,4.5212,0.00,0.0,2
734,0.41,41,1.69,0.38,4.5194,0.00,0.0,2
735,0.44,41,1.69,0.38,4.5139,0.00,0.0,2
736,0.39,41,1.70,0.38,4.5116,0.00,0.0,2
737,0.34,41,1.70,0.38,4.5092,0.00,0.0,2
738,0.39,41,1.70,0.38,4.5044,0.00,0.0,2
739,0.08,42,1.68,0.38,4.4984,0.00,0.0,2
740,0.03,42,1.68,0.38,4.4934,0.00,0.0,2
741,0.16,42,1.68,0.38,4.4899,0.00,0.0,2
742,0.19,42,1.68,0.38,4.4883,0.00,0.0,2
743,0.15,42,1.68,0.38,4.4872,0.00,0.0,2
744,0.14,42,1.68,0.38,4.4820,0.00,0.0,2
745,0.04,42,1.68,0.38,4.4767,0.00,0.0,2
746,0.04,42,1.68,0.38,4.4715,0.00,0.0,2
747,0.02,42,1.68,0.38,4.4663,0.00,0.0,2
748,0.02,42,1.68,0.38,4.4617,0.00,0.0,2
749,0.11,42,1.68,0.38,4.4587,0.00,0.0,2
750,0.04,42,1.68,0.38,4.4559,0.00,0.0,2
751,0.03,42,1.68,0.38,4.4534,0.00,0.0,2
752,0.07,42,1.68,0.38,4.4502,0.00,0.0,2
753,0.05,42,1.68,0.38,4.4441,0.00,0.0,2
754,0.09,42,1.68,0.38,4.4353,0.00,0.0,2
755,0.16,42,1.68,0.38,4.4252,0.00,0.0,2
756,0.14,42,1.68,0.38,4.4124,0.00,0.0,2
757,0.04,42,1.68,0.38,4.3965,0.00,0.0,2
758,0.21,42,1.68,0.38,4.3813,0.00,0.0,2
759,0.24,42,1.68,0.38,4.3692,0.00,0.0,2
760,0.20,43,1.65,0.38,4.3575,0.00,0.0,2
761,0.24,43,1.65,0.38,4.3457,0.00,0.0,2
762,0.26,43,1.65,0.38,4.3341,0.00,0.0,2
763,0.26,43,1.65,0.38,4.3236,0.00,0.0,2
764,0.23,43,1.65,0.38,4.3135,0.00,0.0,2
765,0.23,43,1.65,0.38,4.3038,0.00,0.0,2
766,0.23,43,1.65,0.38,4.2947,0.00,0.0,2
767,0.23,43,1.65,0.38,4.2859,0.00,0.0,2
768,0.22,43,1.65,0.38,4.2831,0.00,0.0,2
769,0.24,43,1.65,0.38,4.2803,0.00,0.0,2
770,0.23,43,1.65,0.38,4.2710,0.00,0.0,2
771,0.25,43,1.65,0.38,4.2616,0.00,0.0,2
772,0.23,43,1.65,0.38,4.2493,0.00,0.0,2
773,0.24,43,1.65,0.38,4.2378,0.00,0.0,2
774,0.25,43,1.67,0.38,4.2293,0.00,0.0,2
775,0.27,43,1.67,0.38,4.2213,0.00,0.0,2
776,0.24,43,1.67,0.38,4.2128,0.00,0.0,2
777,0.27,43,1.67,0.38,4.2042,0.00,0.0,2
778,0.27,43,1.67,0.38,4.1957,0.00,0.0,2
779,0.26,43,1.67,0.38,4.1863,0.00,0.0,2
780,0.26,43,1.67,0.38,4.1756,0.00,0.0,2
781,0.27,43,1.67,0.38,4.1645,0.00,0.0,2
782,0.27,43,1.67,0.38,4.1526,0.00,0.0,2
783,0.12,44,1.65,0.38,4.1405,0.00,0.0,2
784,0.03,44,1.65,0.38,4.1281,0.00,0.0,2
785,0.34,44,1.65,0.38,4.1148,0.00,0.0,2
786,0.39,44,1.65,0.38,4.1006,0.00,0.0,2
787,0.37,44,1.65,0.38,4.0860,0.00,0.0,2
788,0.36,44,1.65,0.38,4.0714,0.00,0.0,2
789,0.33,44,1.65,0.38,4.0569,0.00,0.0,2
790,0.32,44,1.66,0.38,4.0431,0.00,0.0,2
791,0.30,44,1.66,0.38,4.0308,0.00,0.0,2
792,0.30,44,1.66,0.38,3.9986,0.00,0.0,2
793,0.28,44,1.66,0.38,3.9669,0.00,0.0,2
794,0.28,44,1.66,0.38,3.9354,0.00,0.0,2
795,0.27,44,1.66,0.38,3.9044,0.00,0.0,2
796,0.28,44,1.66,0.38,3.8730,0.00,0.0,2
797,0.26,44,1.66,0.38,3.8415,0.00,0.0,2
798,0.25,44,1.66,0.38,3.8093,0.00,0.0,2
799,0.22,44,1.66,0.38,3.7438,0.00,0.0,2
800,0.20,44,1.66,0.38,3.7412,0.00,0.0,2
801,0.27,44,1.66,0.38,3.7038,0.00,0.0,2
802,0.28,44,1.66,0.38,3.6663,0.00,0.0,2
803,0.35,44,1.66,0.38,3.6298,0.00,0.0,2
804,0.34,44,1.66,0.38,3.6273,0.00,0.0,2
805,0.34,44,1.66,0.38,3.6248,0.00,0.0,2
806,0.35,44,1.66,0.38,3.6224,0.00,0.0,2
807,0.35,44,1.66,0.38,3.5880,0.00,0.0,2
808,0.36,44,1.66,0.38,3.5648,0.47,1.2,2
809,0.36,44,1.66,0.38,3.5624,0.47,1.2,2
810,0.37,44,1.66,0.38,3.5185,0.47,1.2,2
811,0.38,44,1.66,0.38,3.4948,0.47,1.2,2
812,0.38,44,1.66,0.38,3.4509,0.47,1.2,2
813,0.38,44,1.66,0.38,3.4281,0.47,1.2,2
814,0.37,44,1.66,0.38,3.3934,0.47,1.2,2
815,0.16,45,1.65,0.38,3.3880,0.47,1.2,2
816,0.02,45,1.65,0.38,3.3844,0.47,1.2,2
817,0.19,45,1.65,0.38,3.3798,0.47,1.2,2
818,0.30,45,1.65,0.38,3.3742,0.47,1.2,2
819,0.07,46,1.64,0.38,3.3677,0.47,1.2,2
820,0.24,46,1.64,0.38,3.3632,0.47,1.2,2
821,0.30,46,1.64,0.38,3.3616,0.47,1.2,2
822,0.27,46,1.64,0.38,3.3598,0.47,1.2,2
823,0.17,47,1.63,0.38,3.3576,0.47,1.2,2
824,0.06,47,1.63,0.38,3.3553,0.47,1.2,2
825,0.20,47,1.63,0.38,3.3525,0.47,1.2,2
826,0.28,47,1.65,0.38,3.3489,0.47,1.2,2
827,0.30,47,1.65,0.38,3.3457,0.47,1.2,2
828,0.32,47,1.65,0.38,3.3416,0.47,1.2,2
829,0.29,47,1.65,0.38,3.3385,0.47,1.2,2
830,0.29,47,1.65,0.38,3.3362,0.47,1.2,2
831,0.31,47,1.65,0.38,3.3333,0.47,1.2,2
832,0.04,48,1.63,0.38,3.3308,0.47,1.2,2
833,0.07,48,1.63,0.38,3.3284,0.47,1.2,2
834,0.17,48,1.63,0.38,3.3263,0.47,1.2,2
835,0.22,48,1.63,0.38,3.3242,0.47,1.2,2
836,0.05,49,1.62,0.38,3.3224,0.47,1.2,2
837,0.17,49,1.62,0.38,3.3202,0.47,1.2,2
838,0.07,49,1.62,0.38,3.3181,0.47,1.2,2
839,0.22,49,1.62,0.38,3.3160,0.47,1.2,2
840,0.28,49,1.62,0.38,3.3139,0.47,1.2,2
841,0.28,49,1.62,0.38,3.3118,0.47,1.2,2
842,0.29,49,1.62,0.38,3.3097,0.47,1.2,2
843,0.09,50,1.61,0.38,3.3076,0.47,1.2,2
844,0.12,50,1.61,0.38,3.3057,0.47,1.2,2
845,0.14,50,1.61,0.38,3.3040,0.47,1.2,2
846,0.05,50,1.62,0.38,3.3028,0.47,1.2,2
847,0.27,50,1.62,0.38,3.3016,0.47,1.2,2
848,0.26,50,1.62,0.38,3.3001,0.47,1.2,2
849,0.05,51,1.61,0.38,3.2986,1.21,2.7,3
850,0.07,51,1.61,0.38,3.2970,1.21,2.7,3
851,0.24,51,1.61,0.38,3.2954,1.21,2.7,3
852,0.16,52,1.60,0.38,3.2940,1.21,2.7,3
853,0.24,52,1.60,0.38,3.2923,1.21,2.7,3
854,0.10,53,1.61,0.38,3.2907,1.21,2.7,3
855,0.15,53,1.61,0.38,3.2892,1.21,2.7,3
856,0.22,53,1.61,0.38,3.2877,1.21,2.7,3
857,0.21,53,1.61,0.38,3.2863,1.21,2.7,3
858,0.14,54,1.60,0.38,3.2852,1.21,2.7,3
859,0.13,54,1.60,0.38,3.2840,1.21,2.7,3
860,0.27,54,1.60,0.38,3.2829,1.21,2.7,3
861,0.10,55,1.59,0.38,3.2819,1.21,2.7,3
862,0.28,55,1.59,0.38,3.2808,1.21,2.7,3
863,0.27,55,1.59,0.38,3.2798,1.21,2.7,3
864,0.24,55,1.59,0.38,3.2790,1.21,2.7,3
865,0.36,55,1.60,0.38,3.2786,1.21,2.7,3
866,0.15,56,1.59,0.38,3.2785,1.21,2.7,3
867,0.31,56,1.59,0.38,3.2783,1.21,2.7,3
868,0.33,56,1.59,0.38,3.2782,1.21,2.7,3
869,0.07,57,1.58,0.38,3.2780,1.21,2.7,3
870,0.36,57,1.58,0.38,3.2802,1.21,2.7,3
871,0.29,57,1.59,0.38,3.2797,1.21,2.7,3
872,0.43,57,1.59,0.38,3.2828,1.21,2.7,3
873,0.44,57,1.60,0.38,3.2841,1.21,2.7,3
874,0.20,57,1.60,0.38,3.2843,1.21,2.7,3
875,0.32,57,1.60,0.38,3.2856,1.21,2.7,3
876,0.30,57,1.60,0.38,3.2904,1.21,2.7,3
877,0.31,57,1.60,0.38,3.2978,1.21,2.7,3
878,0.38,57,1.61,0.38,3.3041,1.21,2.7,3
879,0.29,57,1.61,0.38,3.3078,1.21,2.7,3
880,0.09,58,1.60,0.38,3.3096,1.21,2.7,3
881,0.34,58,1.60,0.38,3.3121,1.21,2.7,3
882,0.39,58,1.60,0.38,3.3153,1.21,2.7,3
883,0.13,59,1.59,0.38,3.3201,1.21,2.7,3
884,0.34,59,1.60,0.38,3.3273,1.21,2.7,3
885,0.38,59,1.60,0.38,3.3336,1.21,2.7,3
886,0.36,59,1.60,0.38,3.3308,1.21,2.7,3
887,0.25,59,1.60,0.38,3.3240,1.21,2.7,3
888,0.14,60,1.60,0.38,3.3226,1.21,2.7,3
889,0.35,60,1.60,0.38,3.3227,1.21,2.7,3
890,0.37,60,1.60,0.38,3.3281,1.21,2.7,3
891,0.34,60,1.60,0.38,3.3301,1.21,2.7,3
892,0.39,60,1.11,0.38,3.3281,1.21,2.7,3
893,0.45,60,1.11,0.38,3.3256,1.21,2.7,3
894,0.46,60,1.11,0.38,3.3234,1.21,2.7,3
895,0.43,60,1.11,0.38,3.3213,1.21,2.7,3
896,0.33,60,1.11,0.38,3.3195,1.21,2.7,3
897,0.36,60,1.11,0.38,3.3208,1.21,2.7,3
898,0.43,60,1.11,0.38,3.3233,1.21,2.7,3
899,0.41,60,1.11,0.38,3.3227,1.21,2.7,3
900,0.36,60,1.11,0.38,3.3204,1.21,2.7,3
901,0.44,60,1.11,0.38,3.3198,1.21,2.7,3
902,0.48,60,1.11,0.38,3.3213,1.21,2.7,3
903,0.47,60,1.11,0.38,3.3236,1.21,2.7,3
904,0.43,60,1.11,0.38,3.3251,1.21,2.7,3
905,0.41,60,1.11,0.38,3.3246,1.21,2.7,3
906,0.34,60,1.11,0.38,3.3230,1.21,2.7,3
907,0.35,60,1.11,0.38,3.3227,1.21,2.7,3
908,0.38,60,1.11,0.38,3.3230,1.21,2.7,3
909,0.39,60,1.11,0.38,3.3229,1.21,2.7,3
910,0.35,60,1.11,0.38,3.3246,1.21,2.7,3
911,0.47,60,1.11,0.38,3.3331,0.59,0.7,2
912,0.53,60,1.11,0.38,3.3446,0.59,0.7,2
913,0.48,60,1.11,0.38,3.3487,0.59,0.7,2
914,0.39,60,1.11,0.38,3.3514,0.59,0.7,2
915,0.41,60,1.11,0.38,3.3545,0.59,0.7,2
916,0.34,60,1.11,0.38,3.3527,0.59,0.7,2
917,0.46,60,1.11,0.38,3.3535,0.59,0.7,2
918,0.52,60,1.11,0.38,3.3576,0.59,0.7,2
919,0.53,60,1.11,0.38,3.3622,0.59,0.7,2
920,0.50,60,1.11,0.38,3.3634,0.59,0.7,2
921,0.43,60,1.11,0.38,3.3612,0.59,0.7,2
922,0.39,60,1.11,0.38,3.3575,0.59,0.7,2
923,0.32,60,1.11,0.38,3.3556,0.59,0.7,2
924,0.24,60,1.11,0.38,3.3542,0.59,0.7,2
925,0.25,60,1.11,0.38,3.3555,0.59,0.7,2
926,0.28,60,1.11,0.38,3.3605,0.59,0.7,2
927,0.29,60,1.11,0.38,3.3641,0.59,0.7,2
928,0.20,60,1.11,0.38,3.3638,0.59,0.7,2
929,0.27,60,1.11,0.38,3.3613,0.59,0.7,2
930,0.24,60,1.11,0.38,3.3596,0.59,0.7,2
931,0.23,60,1.11,0.38,3.3589,0.59,0.7,2
932,0.23,60,1.11,0.38,3.3611,0.59,0.7,2
933,0.28,60,1.11,0.38,3.3681,0.59,0.7,2
934,0.40,60,1.11,0.38,3.3783,0.59,0.7,2
935,0.38,60,1.11,0.38,3.3861,0.59,0.7,2
936,0.36,60,1.11,0.38,3.3904,0.59,0.7,2
937,0.33,60,1.11,0.38,3.3935,0.59,0.7,2
938,0.36,60,1.11,0.38,3.3962,0.59,0.7,2
939,0.30,60,1.11,0.38,3.3992,0.59,0.7,2
940,0.36,60,1.11,0.38,3.4066,0.59,0.7,2
941,0.45,60,1.11,0.38,3.4181,0.59,0.7,2
942,0.37,60,1.11,0.38,3.4237,0.59,0.7,2
943,0.32,60,1.11,0.38,3.4259,0.59,0.7,2
944,0.34,60,1.11,0.38,3.4269,0.59,0.7,2
945,0.38,60,1.11,0.38,3.4278,0.59,0.7,2
946,0.39,60,1.11,0.38,3.4287,0.59,0.7,2
947,0.39,60,1.11,0.38,3.4293,0.59,0.7,2
948,0.35,60,1.11,0.38,3.4308,0.59,0.7,2
949,0.38,60,1.11,0.38,3.4334,0.59,0.7,2
950,0.42,60,1.11,0.38,3.4395,0.59,0.7,2
951,0.43,60,1.11,0.38,3.4459,0.59,0.7,2
952,0.37,60,1.11,0.38,3.4508,0.59,0.7,2
953,0.36,60,1.11,0.38,3.4537,0.59,0.7,2
954,0.36,60,1.11,0.38,3.4555,0.59,0.7,2
955,0.36,60,1.11,0.38,3.4553,0.59,0.7,2
956,0.38,60,1.11,0.38,3.4550,0.59,0.7,2
957,0.39,60,1.11,0.38,3.4552,0.59,0.7,2
958,0.39,60,1.11,0.38,3.4567,0.59,0.7,2
959,0.44,60,1.11,0.38,3.4613,0.59,0.7,2
960,0.41,60,1.11,0.38,3.4648,0.59,0.7,2
961,0.40,60,1.11,0.38,3.4655,0.59,0.7,2
962,0.41,60,1.11,0.38,3.4670,0.59,0.7,2
963,0.40,60,1.11,0.38,3.4684,0.59,0.7,2
964,0.44,60,1.11,0.38,3.4714,0.59,0.7,2
965,0.43,60,1.11,0.38,3.4759,0.59,0.7,2
966,0.37,60,1.11,0.38,3.4770,0.59,0.7,2
967,0.28,60,1.11,0.38,3.4767,0.59,0.7,2
968,0.19,61,1.35,0.38,3.4746,0.59,0.7,2
969,0.31,61,1.35,0.38,3.4736,0.59,0.7,2
970,0.31,61,1.35,0.38,3.4728,0.59,0.7,2
971,0.31,61,1.35,0.38,3.4717,0.59,0.7,2
972,0.32,61,1.35,0.38,3.4706,0.59,0.7,2
973,0.35,61,1.35,0.38,3.4694,0.59,0.7,2
974,0.26,61,1.35,0.38,3.4682,0.59,0.7,2
975,0.33,61,1.35,0.38,3.4696,0.87,0.7,2
976,0.34,61,1.35,0.38,3.4715,0.87,0.7,2
977,0.34,61,1.35,0.38,3.4736,0.87,0.7,2
978,0.34,61,1.35,0.38,3.4752,0.87,0.7,2
979,0.35,61,1.35,0.38,3.4780,0.87,0.7,2
980,0.35,61,1.35,0.38,3.4794,0.87,0.7,2
981,0.34,61,1.35,0.38,3.4801,0.87,0.7,2
982,0.33,61,1.35,0.38,3.4798,0.87,0.7,2
983,0.33,61,1.35,0.38,3.4790,0.87,0.7,2
984,0.27,61,1.35,0.38,3.4777,0.87,0.7,2
985,0.27,61,1.35,0.38,3.4764,0.87,0.7,2
986,0.34,61,1.35,0.38,3.4750,0.87,0.7,2
987,0.30,61,1.35,0.38,3.4735,0.87,0.7,2
988,0.30,61,1.35,0.38,3.4724,0.87,0.7,2
989,0.33,61,1.35,0.38,3.4711,0.87,0.7,2
990,0.33,61,1.35,0.38,3.4695,0.87,0.7,2
991,0.34,61,1.35,0.38,3.4682,0.87,0.7,2
992,0.34,61,1.35,0.38,3.4669,0.87,0.7,2
993,0.35,61,1.35,0.38,3.4656,0.87,0.7,2
994,0.35,61,1.35,0.38,3.4642,0.87,0.7,2
995,0.34,61,1.35,0.38,3.4640,0.87,0.7,2
996,0.35,61,1.35,0.38,3.4636,0.87,0.7,2
997,0.33,61,1.35,0.38,3.4649,0.87,0.7,2
998,0.36,61,1.36,0.38,3.4665,0.87,0.7,2
999,0.34,61,1.36,0.38,3.4662,0.87,0.7,2
1000,0.33,61,1.36,0.38,3.4671,0.87,0.7,2
1001,0.34,61,1.36,0.38,3.4666,0.87,0.7,2
1002,0.34,61,1.33,0.38,3.4661,1.01,2.2,2
1003,0.37,61,1.33,0.38,3.4670,1.01,2.2,2
1004,0.38,61,1.33,0.38,3.4666,1.01,2.2,2
1005,0.42,61,1.33,0.38,3.4668,1.01,2.2,2
1006,0.40,61,1.33,0.38,3.4660,1.01,2.2,2
1007,0.42,61,1.33,0.38,3.4650,1.01,2.2,2
1008,0.38,61,1.33,0.38,3.4636,1.01,2.2,2
1009,0.37,61,1.33,0.38,3.4618,1.01,2.2,2
1010,0.38,61,1.33,0.38,3.4597,1.01,2.2,2
1011,0.39,61,1.33,0.38,3.4579,1.01,2.2,2
1012,0.08,62,1.40,0.38,3.4568,1.01,2.2,2
1013,0.12,62,1.40,0.38,3.4582,1.01,2.2,2
1014,0.19,62,1.40,0.38,3.4593,1.01,2.2,2
1015,0.29,62,1.40,0.38,3.4619,1.01,2.2,2
1016,0.25,62,1.40,0.38,3.4635,1.01,2.2,2
1017,0.30,62,1.40,0.38,3.4627,1.01,2.2,2
1018,0.30,62,1.40,0.38,3.4645,1.01,2.2,2
1019,0.32,62,1.40,0.38,3.4647,1.01,2.2,2
1020,0.17,63,1.39,0.38,3.4650,1.01,2.2,2
1021,0.26,63,1.39,0.38,3.4660,1.01,2.2,2
1022,0.25,63,1.39,0.38,3.4647,1.01,2.2,2
1023,0.37,63,1.39,0.38,3.4639,1.01,2.2,2
1024,0.29,63,1.39,0.38,3.4657,1.01,2.2,2
1025,0.14,64,1.38,0.38,3.4657,1.01,2.2,2
1026,0.14,64,1.38,0.38,3.4667,1.01,2.2,2
1027,0.22,64,1.38,0.38,3.4700,1.01,2.2,2
1028,0.27,64,1.38,0.38,3.4733,1.01,2.2,2
1029,0.24,64,1.38,0.38,3.4738,1.01,2.2,2
1030,0.27,64,1.38,0.38,3.4736,1.01,2.2,2
1031,0.21,64,1.38,0.38,3.4729,1.01,2.2,2
1032,0.08,65,1.37,0.38,3.4732,1.01,2.2,2
1033,0.20,65,1.37,0.38,3.4712,1.01,2.2,2
1034,0.07,66,1.36,0.38,3.4725,1.07,2.2,2
1035,0.11,66,1.36,0.38,3.4720,1.07,2.2,2
1036,0.02,66,1.36,0.38,3.4703,1.07,2.2,2
1037,0.13,66,1.36,0.38,3.4711,1.07,2.2,2
1038,0.23,66,1.36,0.38,3.4716,1.07,2.2,2
1039,0.06,67,1.35,0.38,3.4709,1.07,2.2,2
1040,0.18,67,1.36,0.38,3.4698,1.07,2.2,2
1041,0.21,67,1.36,0.38,3.4694,1.07,2.2,2
1042,0.18,68,1.36,0.38,3.4691,1.07,2.2,2
1043,0.14,68,1.36,0.38,3.4714,1.07,2.2,2
1044,0.19,68,1.36,0.38,3.4768,1.07,2.2,2
1045,0.25,68,1.36,0.38,3.4795,1.07,2.2,2
1046,0.28,68,1.36,0.38,3.4815,1.07,2.2,2
1047,0.30,68,1.36,0.38,3.4832,1.07,2.2,2
1048,0.32,68,1.36,0.38,3.4849,1.07,2.2,2
1049,0.29,68,1.36,0.38,3.4881,1.07,2.2,2
1050,0.30,68,1.36,0.38,3.4882,1.07,2.2,2
1051,0.32,68,1.36,0.38,3.4890,1.07,2.2,2
1052,0.38,68,1.36,0.38,3.4899,1.07,2.2,2
1053,0.34,68,1.36,0.38,3.4898,1.07,2.2,2
1054,0.32,68,1.36,0.38,3.4930,1.07,2.2,2
1055,0.32,68,1.36,0.38,3.4944,1.07,2.2,2
1056,0.22,68,1.36,0.38,3.4940,1.07,2.2,2
1057,0.22,68,1.36,0.38,3.4931,1.07,2.2,2
1058,0.25,68,1.36,0.38,3.4926,1.07,2.2,2
1059,0.28,68,1.36,0.38,3.4928,1.07,2.2,2
1060,0.21,68,1.36,0.38,3.4953,1.07,2.2,2
1061,0.29,68,1.36,0.38,3.4993,1.07,2.2,2
1062,0.30,68,1.36,0.38,3.4992,1.07,2.2,2
1063,0.30,68,1.36,0.38,3.4989,1.07,2.2,2
1064,0.27,68,1.36,0.38,3.4976,1.07,2.2,2
1065,0.11,69,1.35,0.38,3.4968,1.07,2.2,2
1066,0.04,69,1.35,0.38,3.4973,1.07,2.2,2
1067,0.07,69,1.35,0.38,3.4964,1.07,2.2,2
1068,0.21,69,1.35,0.38,3.4964,1.07,2.2,2
1069,0.29,69,1.35,0.38,3.4968,1.07,2.2,2
1070,0.22,69,1.35,0.38,3.4958,1.07,2.2,2
1071,0.33,69,1.35,0.38,3.4967,1.07,2.2,2
1072,0.33,69,1.35,0.38,3.4992,1.07,2.2,2
1073,0.25,69,1.35,0.38,3.4984,1.07,2.2,2
1074,0.24,69,1.35,0.38,3.4982,1.07,2.2,2
1075,0.26,69,1.35,0.38,3.4993,1.07,2.2,2
1076,0.23,69,1.35,0.38,3.5054,1.07,2.2,2
1077,0.07,70,1.34,0.38,3.5163,1.07,2.2,2
1078,0.05,70,1.34,0.38,3.5203,1.07,2.2,2
1079,0.04,70,1.34,0.38,3.5202,1.07,2.2,2
1080,0.11,70,1.31,0.38,3.5195,1.07,2.2,2
1081,0.31,70,1.31,0.38,3.5209,1.07,2.2,2
1082,0.39,70,1.31,0.38,3.5195,1.07,2.2,2
1083,0.36,70,1.31,0.38,3.5170,1.07,2.2,2
1084,0.35,70,1.31,0.38,3.5143,1.07,2.2,2
1085,0.45,70,1.31,0.38,3.5127,1.07,2.2,2
1086,0.49,70,1.31,0.38,3.5113,1.07,2.2,2
1087,0.46,70,1.31,0.38,3.5085,1.07,2.2,2
1088,0.49,70,1.31,0.38,3.5050,1.07,2.2,2
1089,0.46,70,1.31,0.38,3.5022,1.07,2.2,2
1090,0.46,70,1.31,0.38,3.4992,1.07,2.2,2
1091,0.46,70,1.31,0.38,3.4973,0.00,0.0,2
1092,0.43,70,1.31,0.38,3.4961,0.00,0.0,2
1093,0.47,70,1.31,0.38,3.4937,0.00,0.0,2
1094,0.40,70,1.31,0.38,3.4926,0.00,0.0,2
1095,0.04,71,1.29,0.38,3.4915,0.00,0.0,2
1096,0.22,71,1.29,0.38,3.4904,0.00,0.0,2
1097,0.28,71,1.29,0.38,3.4895,0.00,0.0,2
1098,0.30,71,1.29,0.38,3.4886,0.00,0.0,2
1099,0.32,71,1.29,0.38,3.4879,0.00,0.0,2
1100,0.32,71,1.29,0.38,3.4886,0.00,0.0,2
1101,0.32,71,1.29,0.38,3.4883,0.00,0.0,2
1102,0.32,71,1.29,0.38,3.4879,0.00,0.0,2
1103,0.30,71,1.29,0.38,3.4876,0.00,0.0,2
1104,0.28,71,1.29,0.38,3.4874,0.00,0.0,2
1105,0.31,71,1.29,0.38,3.4871,0.00,0.0,2
1106,0.30,71,1.29,0.38,3.4869,0.00,0.0,2
1107,0.11,72,1.28,0.38,3.4865,0.00,0.0,2
1108,0.08,72,1.28,0.38,3.4860,0.00,0.0,2
1109,0.03,72,1.28,0.38,3.4855,0.00,0.0,2
1110,0.04,72,1.28,0.38,3.4849,0.00,0.0,2
1111,0.03,72,1.28,0.38,3.4840,0.00,0.0,2
1112,0.04,72,1.28,0.38,3.4816,0.00,0.0,2
1113,0.08,72,1.28,0.38,3.4790,0.00,0.0,2
1114,0.14,72,1.28,0.38,3.4767,0.00,0.0,2
1115,0.19,72,1.28,0.38,3.4742,0.00,0.0,2
1116,0.21,72,1.28,0.38,3.4716,0.00,0.0,2
1117,0.21,72,1.28,0.38,3.4672,0.00,0.0,2
1118,0.24,72,1.28,0.38,3.4643,0.00,0.0,2
1119,0.23,72,1.28,0.38,3.4611,0.00,0.0,2
1120,0.08,73,1.27,0.38,3.4571,0.00,0.0,2
1121,0.26,73,1.27,0.38,3.4555,0.81,1.2,2
1122,0.27,73,1.28,0.38,3.4564,0.81,1.2,2
1123,0.27,73,1.28,0.38,3.4557,0.81,1.2,2
1124,0.31,73,1.28,0.38,3.4571,0.81,1.2,2
1125,0.34,73,1.28,0.38,3.4570,0.81,1.2,2
1126,0.36,73,1.28,0.38,3.4598,0.81,1.2,2
1127,0.28,73,1.28,0.38,3.4601,0.81,1.2,2
1128,0.40,73,1.28,0.38,3.4612,0.81,1.2,2
1129,0.41,73,1.28,0.38,3.4622,0.81,1.2,2
1130,0.38,73,1.28,0.38,3.4630,0.81,1.2,2
1131,0.41,73,1.28,0.38,3.4638,0.81,1.2,2
1132,0.42,73,1.28,0.38,3.4623,0.81,1.2,2
1133,0.42,73,1.28,0.38,3.4634,0.81,1.2,2
1134,0.43,73,1.28,0.38,3.4627,0.81,1.2,2
1135,0.38,73,1.28,0.38,3.4647,0.81,1.2,2
1136,0.38,73,1.28,0.38,3.4643,0.81,1.2,2
1137,0.37,73,1.28,0.38,3.4664,0.81,1.2,2
1138,0.36,73,1.28,0.38,3.4691,0.81,1.2,2
1139,0.35,73,1.28,0.38,3.4697,0.81,1.2,2
1140,0.36,73,1.28,0.38,3.4731,0.81,1.2,2
1141,0.35,73,1.28,0.38,3.4793,0.81,1.2,2
1142,0.36,73,1.28,0.38,3.4807,0.81,1.2,2
1143,0.36,73,1.28,0.38,3.4838,0.81,1.2,2
1144,0.36,73,1.28,0.38,3.4871,0.81,1.2,2
1145,0.33,73,1.29,0.38,3.4879,0.81,1.2,2
1146,0.38,73,1.29,0.38,3.4884,0.81,1.2,2
1147,0.36,73,1.29,0.38,3.4886,0.81,1.2,2
1148,0.34,73,1.29,0.38,3.4887,0.81,1.2,2
1149,0.37,73,1.29,0.38,3.4887,0.81,1.2,2
1150,0.35,73,1.29,0.38,3.4908,0.81,1.2,2
1151,0.38,73,1.29,0.38,3.4905,0.81,1.2,2
1152,0.40,73,1.29,0.38,3.4928,1.39,1.5,3
1153,0.40,73,1.29,0.38,3.4928,1.39,1.5,3
1154,0.40,73,1.29,0.38,3.4930,1.39,1.5,3
1155,0.41,73,1.29,0.38,3.4935,1.39,1.5,3
1156,0.43,73,1.30,0.38,3.4946,1.39,1.5,3
1157,0.51,73,1.30,0.38,3.4968,1.39,1.5,3
1158,0.42,73,1.30,0.38,3.4993,1.39,1.5,3
1159,0.43,73,1.30,0.38,3.5011,1.39,1.5,3
1160,0.41,73,1.30,0.38,3.5017,1.39,1.5,3
1161,0.39,73,1.30,0.38,3.5036,1.39,1.5,3
1162,0.42,73,1.30,0.38,3.5045,1.39,1.5,3
1163,0.38,73,1.30,0.38,3.5052,1.39,1.5,3
1164,0.40,73,1.30,0.38,3.5079,1.39,1.5,3
1165,0.43,73,1.30,0.38,3.5097,1.39,1.5,3
1166,0.48,73,1.30,0.38,3.5130,1.39,1.5,3
1167,0.44,73,1.30,0.38,3.5165,1.39,1.5,3
1168,0.36,73,1.30,0.38,3.5195,1.39,1.5,3
1169,0.37,73,1.30,0.38,3.5219,1.39,1.5,3
1170,0.37,73,1.30,0.38,3.5239,1.39,1.5,3
1171,0.35,73,1.30,0.38,3.5254,1.39,1.5,3
1172,0.35,73,1.30,0.38,3.5266,1.39,1.5,3
1173,0.31,73,1.30,0.38,3.5275,1.21,2.7,3
1174,0.29,73,1.30,0.38,3.5259,1.21,2.7,3
1175,0.32,73,1.21,0.38,3.5264,1.21,2.7,3
1176,0.28,73,1.21,0.38,3.5268,1.21,2.7,3
1177,0.28,73,1.21,0.38,3.5270,1.21,2.7,3
1178,0.28,73,1.21,0.38,3.5273,1.21,2.7,3
1179,0.30,73,1.21,0.38,3.5275,1.21,2.7,3
1180,0.32,73,1.21,0.38,3.5303,1.21,2.7,3
1181,0.31,73,1.21,0.38,3.5308,1.21,2.7,3
1182,0.31,73,1.21,0.38,3.5313,1.21,2.7,3
1183,0.36,73,1.21,0.38,3.5318,1.21,2.7,3
1184,0.35,73,1.21,0.38,3.5300,1.21,2.7,3
1185,0.34,73,1.21,0.38,3.5307,1.21,2.7,3
1186,0.32,73,1.21,0.38,3.5318,1.21,2.7,3
1187,0.32,73,1.21,0.38,3.5318,1.21,2.7,3
1188,0.30,73,1.21,0.38,3.5321,1.21,2.7,3
1189,0.32,73,1.21,0.38,3.5329,1.21,2.7,3
1190,0.31,73,1.21,0.38,3.5369,1.21,2.7,3
1191,0.32,73,1.21,0.38,3.5420,1.21,2.7,3
1192,0.32,73,1.21,0.38,3.5459,1.21,2.7,3
1193,0.29,73,1.21,0.38,3.5477,1.21,2.7,3
1194,0.31,73,1.21,0.38,3.5479,1.21,2.7,3
1195,0.32,73,1.21,0.38,3.5462,1.21,2.7,3
1196,0.29,73,1.21,0.38,3.5430,1.21,2.7,3
1197,0.30,73,1.21,0.38,3.5422,1.21,2.7,3
1198,0.31,73,1.21,0.38,3.5374,1.21,2.7,3
1199,0.32,73,1.21,0.38,3.5305,1.21,2.7,3
1200,0.33,73,1.21,0.38,3.5217,1.21,2.7,3
1201,0.33,73,1.21,0.38,3.5103,1.21,2.7,3
1202,0.32,73,1.21,0.38,3.4964,1.21,2.7,3
1203,0.32,73,1.21,0.38,3.4797,1.21,2.7,3
1204,0.30,73,1.21,0.38,3.4391,1.21,2.7,3
1205,0.29,73,1.21,0.38,3.4146,1.21,2.7,3
1206,0.33,73,1.21,0.38,3.3629,1.21,2.7,3
1207,0.29,73,1.21,0.38,3.3324,1.21,2.7,3
1208,0.32,73,1.21,0.38,3.2704,1.33,2.7,3
1209,0.30,73,1.21,0.38,3.2361,1.33,2.7,3
1210,0.33,73,1.21,0.38,3.1682,1.33,2.7,3
1211,0.30,73,1.21,0.38,3.1343,1.33,2.7,3
1212,0.32,73,1.21,0.38,3.1038,1.33,2.7,3
1213,0.29,73,1.21,0.38,3.0770,1.33,2.7,3
1214,0.33,73,1.21,0.38,3.0564,1.33,2.7,3
1215,0.29,73,1.21,0.38,3.0398,1.33,2.7,3
1216,0.29,73,1.21,0.38,3.0144,1.33,2.7,3
1217,0.33,73,1.21,0.38,3.0035,1.33,2.7,3
1218,0.33,73,1.21,0.38,2.9939,1.33,2.7,3
1219,0.29,73,1.21,0.38,2.9850,1.33,2.7,3
1220,0.32,73,1.21,0.38,2.9771,1.33,2.7,3
1221,0.34,73,1.21,0.38,2.9704,1.33,2.7,3
1222,0.30,73,1.21,0.38,2.9616,1.33,2.7,3
1223,0.34,73,1.21,0.38,2.9573,1.19,2.7,3
1224,0.31,73,1.21,0.38,2.9535,1.19,2.7,3
1225,0.30,73,1.22,0.38,2.9495,1.19,2.7,3
1226,0.33,73,1.22,0.38,2.9480,1.19,2.7,3
1227,0.33,73,1.22,0.38,2.9486,1.19,2.7,3
1228,0.33,73,1.22,0.38,2.9484,1.19,2.7,3
1229,0.30,73,1.22,0.38,2.9482,1.19,2.7,3
1230,0.30,73,1.22,0.38,2.9482,1.19,2.7,3
1231,0.29,73,1.22,0.38,2.9499,1.19,2.7,3
1232,0.32,73,1.22,0.38,2.9497,1.19,2.7,3
1233,0.32,73,1.22,0.38,2.9495,1.19,2.7,3
1234,0.30,73,1.22,0.38,2.9509,1.19,2.7,3
1235,0.30,73,1.22,0.38,2.9505,1.19,2.7,3
1236,0.30,73,1.22,0.38,2.9505,1.19,2.7,3
1237,0.31,73,1.22,0.38,2.9494,1.19,2.7,3
1238,0.31,73,1.22,0.38,2.9487,1.19,2.7,3
1239,0.31,73,1.22,0.38,2.9475,1.09,2.7,3
1240,0.30,73,1.22,0.38,2.9464,1.09,2.7,3
1241,0.32,73,1.22,0.38,2.9454,1.09,2.7,3
1242,0.32,73,1.22,0.38,2.9445,1.09,2.7,3
1243,0.30,73,1.22,0.38,2.9434,1.09,2.7,3
1244,0.04,74,1.90,0.38,2.9416,1.09,2.7,3
1245,0.04,74,1.90,0.38,2.9385,1.09,2.7,3
1246,0.04,74,1.90,0.38,2.9359,1.09,2.7,3
1247,0.05,74,1.90,0.38,2.9333,1.09,2.7,3
1248,0.05,74,1.90,0.38,2.9282,1.09,2.7,3
1249,0.25,74,1.90,0.38,2.9247,1.09,2.7,3
1250,0.28,74,1.90,0.38,2.9184,1.09,2.7,3
1251,0.31,74,1.90,0.38,2.9140,1.09,2.7,3
1252,0.33,74,1.90,0.38,2.9074,1.09,2.7,3
1253,0.24,74,1.90,0.38,2.9055,1.09,2.7,3
1254,0.04,75,1.88,0.38,2.9036,1.09,2.7,3
1255,0.34,75,1.88,0.38,2.9033,1.35,2.7,3
1256,0.28,75,1.88,0.38,2.9029,1.35,2.7,3
1257,0.12,76,1.86,0.38,2.9012,1.35,2.7,3
1258,0.26,76,1.86,0.38,2.9005,1.35,2.7,3
1259,0.10,77,1.85,0.38,2.9000,1.35,2.7,3
1260,0.32,77,1.85,0.38,2.9009,1.35,2.7,3
1261,0.24,77,1.85,0.38,2.9004,1.35,2.7,3
1262,0.10,78,1.84,0.38,2.9023,1.35,2.7,3
1263,0.29,78,1.84,0.38,2.9023,1.35,2.7,3
1264,0.29,78,1.84,0.38,2.9040,1.35,2.7,3
1265,0.28,78,1.84,0.38,2.9037,1.35,2.7,3
1266,0.27,78,1.84,0.38,2.9034,1.35,2.7,3
1267,0.27,78,1.84,0.38,2.9032,1.35,2.7,3
1268,0.14,79,1.82,0.38,2.9031,1.35,2.7,3
1269,0.23,79,1.84,0.38,2.9035,1.35,2.7,3
1270,0.25,79,1.84,0.38,2.9041,1.35,2.7,3
1271,0.10,80,1.82,0.38,2.9046,1.33,2.7,3
1272,0.29,80,1.82,0.38,2.9043,1.33,2.7,3
1273,0.23,80,1.82,0.38,2.9041,1.33,2.7,3
1274,0.30,80,1.82,0.38,2.9027,1.33,2.7,3
1275,0.14,81,1.81,0.38,2.9034,1.33,2.7,3
1276,0.26,81,1.81,0.38,2.9031,1.33,2.7,3
1277,0.14,82,1.80,0.38,2.9030,1.33,2.7,3
1278,0.26,82,1.80,0.38,2.9020,1.33,2.7,3
1279,0.25,82,1.80,0.38,2.9014,1.33,2.7,3
1280,0.26,82,1.80,0.38,2.9004,1.33,2.7,3
1281,0.24,82,1.80,0.38,2.8998,1.33,2.7,3
1282,0.27,82,1.81,0.38,2.9002,1.33,2.7,3
1283,0.27,82,1.81,0.38,2.9003,1.33,2.7,3
1284,0.12,83,1.80,0.38,2.9002,1.33,2.7,3
1285,0.30,83,1.80,0.38,2.8998,1.33,2.7,3
1286,0.32,83,1.80,0.38,2.8993,1.33,2.7,3
1287,0.24,83,1.80,0.38,2.8989,1.33,2.7,3
1288,0.19,84,1.78,0.38,2.8985,1.13,1.5,3
1289,0.32,84,1.78,0.38,2.8985,1.13,1.5,3
1290,0.08,85,1.78,0.38,2.8989,1.13,1.5,3
1291,0.29,85,1.78,0.38,2.9011,1.13,1.5,3
1292,0.09,86,1.77,0.38,2.9016,1.13,1.5,3
1293,0.29,86,1.77,0.38,2.9019,1.13,1.5,3
1294,0.09,87,1.77,0.38,2.9043,1.13,1.5,3
1295,0.13,87,1.77,0.38,2.9046,1.13,1.5,3
1296,0.08,87,1.77,0.38,2.9069,1.13,1.5,3
1297,0.07,87,1.77,0.38,2.9073,1.13,1.5,3
1298,0.24,87,1.79,0.38,2.9081,1.13,1.5,3
1299,0.06,88,1.77,0.38,2.9064,1.13,1.5,3
1300,0.24,88,1.77,0.38,2.9072,1.13,1.5,3
1301,0.18,89,1.76,0.38,2.9076,1.13,1.5,3
1302,0.07,89,1.76,0.38,2.9080,1.13,1.5,3
1303,0.25,89,1.76,0.38,2.9086,1.13,1.5,3
1304,0.11,90,1.75,0.38,2.9090,1.36,1.5,3
1305,0.28,90,1.75,0.38,2.9096,1.36,1.5,3
1306,0.10,91,1.74,0.38,2.9102,1.36,1.5,3
1307,0.16,91,1.74,0.38,2.9105,1.36,1.5,3
1308,0.25,91,1.74,0.38,2.9111,1.36,1.5,3
1309,0.05,92,1.73,0.38,2.9135,1.36,1.5,3
1310,0.24,92,1.73,0.38,2.9140,1.36,1.5,3
1311,0.05,93,1.71,0.38,2.9165,1.36,1.5,3
1312,0.20,93,1.71,0.38,2.9171,1.36,1.5,3
1313,0.27,93,1.68,0.38,2.9178,1.36,1.5,3
1314,0.06,94,1.67,0.38,2.9183,1.36,1.5,3
1315,0.28,94,1.67,0.38,2.9190,1.36,1.5,3
1316,0.06,95,1.66,0.38,2.9195,1.36,1.5,3
1317,0.24,95,1.66,0.38,2.9202,1.36,1.5,3
1318,0.19,96,1.65,0.38,2.9228,1.36,1.5,3
1319,0.28,96,1.65,0.38,2.9233,1.36,1.5,3
1320,0.20,97,1.64,0.38,2.9256,0.66,0.0,2
1321,0.27,97,1.64,0.38,2.9263,0.66,0.0,2
1322,0.21,97,1.64,0.38,2.9270,0.66,0.0,2
1323,0.05,98,1.63,0.38,2.9275,0.66,0.0,2
1324,0.26,98,1.63,0.38,2.9280,0.66,0.0,2
1325,0.26,98,1.63,0.38,2.9287,0.66,0.0,2
1326,0.07,99,1.62,0.38,2.9271,0.66,0.0,2
1327,0.24,99,1.62,0.38,2.9277,0.66,0.0,2
1328,0.07,100,1.61,0.38,2.9285,0.66,0.0,2
1329,0.32,100,1.61,0.38,2.9270,0.66,0.0,2
1330,0.31,100,1.61,0.38,2.9253,0.66,0.0,2
1331,0.30,100,1.61,0.38,2.9272,0.66,0.0,2
1332,0.34,100,1.61,0.38,2.9401,0.66,0.0,2
1333,0.37,100,1.61,0.38,2.9555,0.66,0.0,2
1334,0.31,100,1.61,0.38,2.9652,0.66,0.0,2
1335,0.31,100,1.61,0.38,2.9720,0.66,0.0,2
1336,0.33,100,1.61,0.38,2.9759,0.66,0.0,2
1337,0.32,100,1.61,0.38,2.9786,0.66,0.0,2
1338,0.26,100,1.61,0.38,2.9797,0.66,0.0,2
1339,0.26,100,1.61,0.38,2.9852,0.66,0.0,2
1340,0.29,100,1.61,0.38,2.9930,0.00,0.0,2
1341,0.26,100,1.61,0.38,3.0013,0.00,0.0,2
1342,0.11,101,1.60,0.38,3.0122,0.00,0.0,2
1343,0.09,101,1.60,0.38,3.0178,0.00,0.0,2
1344,0.21,101,1.60,0.38,3.0224,0.00,0.0,2
1345,0.26,101,1.60,0.38,3.0283,0.00,0.0,2
1346,0.27,101,1.60,0.38,3.0326,0.00,0.0,2
1347,0.31,101,1.60,0.38,3.0335,0.00,0.0,2
1348,0.34,101,1.60,0.38,3.0313,0.00,0.0,2
1349,0.40,101,1.60,0.38,3.0317,0.00,0.0,2
1350,0.44,101,1.60,0.38,3.0326,0.00,0.0,2
1351,0.44,101,1.60,0.38,3.0339,0.00,0.0,2
1352,0.44,101,1.60,0.38,3.0353,0.00,0.0,2
1353,0.41,101,1.60,0.38,3.0389,0.00,0.0,2
1354,0.43,101,1.61,0.38,3.0398,0.00,0.0,2
1355,0.34,101,1.61,0.38,3.0404,0.00,0.0,2
1356,0.06,102,1.60,0.38,3.0404,0.00,0.0,2
1357,0.08,102,1.60,0.38,3.0428,1.33,2.2,2
1358,0.26,102,1.60,0.38,3.0437,1.33,2.2,2
1359,0.30,102,1.60,0.38,3.0442,1.33,2.2,2
1360,0.25,102,1.60,0.38,3.0427,1.33,2.2,2
1361,0.30,102,1.61,0.38,3.0416,1.33,2.2,2
1362,0.32,102,1.61,0.38,3.0407,1.33,2.2,2
1363,0.29,102,1.61,0.38,3.0395,1.33,2.2,2
1364,0.27,102,1.61,0.38,3.0400,1.33,2.2,2
1365,0.29,102,1.62,0.38,3.0410,1.33,2.2,2
1366,0.29,102,1.62,0.38,3.0420,1.33,2.2,2
1367,0.34,102,1.62,0.38,3.0421,1.33,2.2,2
1368,0.35,102,1.62,0.38,3.0429,1.33,2.2,2
1369,0.33,102,1.62,0.38,3.0435,1.33,2.2,2
1370,0.35,102,1.62,0.38,3.0439,1.13,2.2,2
1371,0.36,102,1.63,0.35,3.0429,1.13,2.2,2
1372,0.32,102,1.64,0.35,3.0368,1.13,2.2,2
1373,0.29,102,1.64,0.35,3.0330,1.13,2.2,2
1374,0.31,102,1.64,0.35,3.0305,1.13,2.2,2
1375,0.32,102,1.64,0.33,3.0281,1.13,2.2,2
1376,0.33,102,1.64,0.33,3.0235,1.13,2.2,2
1377,0.34,102,1.64,0.33,3.0195,1.13,2.2,2
1378,0.33,102,1.64,0.33,3.0164,1.13,2.2,2
1379,0.33,102,1.64,0.33,3.0081,1.13,2.2,2
1380,0.33,102,1.64,0.33,2.9919,1.13,2.2,2
1381,0.35,102,1.64,0.33,2.9493,1.13,2.2,2
1382,0.34,102,1.64,0.33,2.9130,1.13,2.2,2
1383,0.34,102,1.64,0.33,2.8682,1.13,2.2,2
1384,0.33,102,1.64,0.33,2.8663,1.13,2.2,2
1385,0.16,103,1.65,0.33,2.8261,0.60,2.2,2
1386,0.02,103,1.65,0.33,2.8046,0.60,2.2,2
1387,0.13,103,1.65,0.33,2.8029,0.60,2.2,2
1388,0.29,103,1.65,0.33,2.7933,0.60,2.2,2
1389,0.31,103,1.66,0.33,2.7891,0.60,2.2,2
1390,0.34,103,1.66,0.33,2.7846,0.60,2.2,2
1391,0.32,103,1.66,0.33,2.7788,0.60,2.2,2
1392,0.34,103,1.67,0.33,2.7728,0.60,2.2,2
1393,0.32,103,1.67,0.33,2.7666,0.60,2.2,2
1394,0.33,103,1.68,0.33,2.7627,0.60,2.2,2
1395,0.34,103,1.68,0.33,2.7617,0.60,2.2,2
1396,0.33,103,1.68,0.25,2.7618,0.60,2.2,3
1397,0.34,103,1.68,0.25,2.7605,0.60,2.2,3
1398,0.33,103,1.68,0.25,2.7539,0.60,2.2,3
1399,0.33,103,1.69,0.25,2.7440,0.60,2.2,3
1400,0.34,103,1.69,0.25,2.7422,0.60,2.2,3
1401,0.33,103,1.69,0.25,2.7222,0.60,2.2,3
1402,0.34,103,1.69,0.25,2.6944,0.60,2.2,3
1403,0.34,103,1.69,0.25,2.6927,0.69,0.7,3
1404,0.35,103,1.69,0.25,2.6909,0.69,0.7,3
1405,0.34,103,1.71,0.25,2.6473,0.69,0.7,3
1406,0.34,103,1.71,0.25,2.6115,0.69,0.7,3
1407,0.34,103,1.71,0.25,2.5825,0.69,0.7,3
1408,0.34,103,1.71,0.25,2.5626,0.69,0.7,3
1409,0.34,103,1.71,0.25,2.5438,0.69,0.7,3
1410,0.35,103,1.71,0.25,2.5239,0.69,0.7,3
1411,0.35,103,1.71,0.25,2.5065,0.69,0.7,3
1412,0.35,103,1.71,0.25,2.4862,0.69,0.7,3
1413,0.35,103,1.71,0.25,2.4782,0.69,0.7,3
1414,0.33,103,1.71,0.25,2.4666,0.69,0.7,3
1415,0.19,104,1.73,0.25,2.4670,0.69,0.7,3
1416,0.27,104,1.73,0.25,2.4657,0.69,0.7,3
1417,0.26,104,1.73,0.25,2.4646,0.69,0.7,3
1418,0.30,104,1.73,0.25,2.4649,0.69,0.7,3
1419,0.30,104,1.73,0.25,2.4676,0.59,0.0,0
1420,0.31,104,1.73,0.25,2.4697,0.59,0.0,0
1421,0.32,104,1.73,0.25,2.4685,0.59,0.0,0
1422,0.33,104,1.73,0.25,2.4646,0.59,0.0,0
1423,0.33,104,1.73,0.25,2.4631,0.59,0.0,0
1424,0.36,104,1.73,0.25,2.4628,0.59,0.0,0
1425,0.38,104,1.73,0.25,2.4662,0.59,0.0,0
1426,0.39,104,1.73,0.25,2.5033,0.59,0.0,0
1427,0.37,104,1.73,0.25,2.5199,0.59,0.0,0
1428,0.37,104,1.74,0.25,2.5362,0.59,0.0,0
1429,0.35,104,1.74,0.25,2.5491,0.59,0.0,0
1430,0.37,104,1.74,0.25,2.5606,0.59,0.0,0
1431,0.35,104,1.74,0.25,2.5714,0.59,0.0,0
1432,0.35,104,1.74,0.25,2.5803,0.59,0.0,0
1433,0.35,104,1.74,0.25,2.5891,0.59,0.0,0
1434,0.06,105,1.73,0.25,2.6036,0.59,0.0,0
1435,0.08,105,1.73,0.25,2.6238,0.59,0.0,0
1436,0.29,105,1.73,0.25,2.6394,0.59,0.0,0
1437,0.23,105,1.73,0.25,2.6484,0.27,0.0,0
1438,0.31,105,1.73,0.25,2.6523,0.27,0.0,0
1439,0.33,105,1.73,0.25,2.6538,0.27,0.0,0
1440,0.34,105,1.73,0.25,2.6544,0.27,0.0,0
1441,0.35,105,1.73,0.25,2.6550,0.27,0.0,0
1442,0.34,105,1.74,0.25,2.6545,0.27,0.0,0
1443,0.36,105,1.74,0.25,2.6542,0.27,0.0,0
1444,0.38,105,1.74,0.25,2.6565,0.27,0.0,0
1445,0.35,105,1.74,0.25,2.6572,0.27,0.0,0
1446,0.41,105,1.74,0.25,2.6594,0.27,0.0,0
1447,0.42,105,1.74,0.25,2.6599,0.27,0.0,0
1448,0.41,105,1.74,0.25,2.6603,0.27,0.0,0
1449,0.41,105,1.74,0.25,2.6620,0.27,0.0,0
1450,0.38,105,1.74,0.25,2.6623,0.27,0.0,0
1451,0.35,105,1.74,0.25,2.6625,0.27,0.0,0
1452,0.36,105,1.74,0.25,2.6637,0.27,0.0,0
1453,0.35,105,1.74,0.25,2.6637,0.96,2.7,3
1454,0.30,105,1.74,0.25,2.6641,0.96,2.7,3
1455,0.26,105,1.74,0.25,2.6632,0.96,2.7,3
1456,0.20,106,1.73,0.25,2.6632,0.96,2.7,3
1457,0.22,106,1.73,0.25,2.6624,0.96,2.7,3
1458,0.24,106,1.73,0.25,2.6625,0.96,2.7,3
1459,0.27,106,1.73,0.25,2.6637,0.96,2.7,3
1460,0.27,106,1.73,0.25,2.6621,0.96,2.7,3
1461,0.26,106,1.73,0.25,2.6620,0.96,2.7,3
1462,0.28,106,1.73,0.25,2.6619,0.96,2.7,3
1463,0.30,106,1.73,0.25,2.6619,0.96,2.7,3
1464,0.31,106,1.73,0.25,2.6620,0.96,2.7,3
1465,0.28,106,1.73,0.25,2.6621,0.96,2.7,3
1466,0.29,106,1.74,0.25,2.6625,0.96,2.7,3
1467,0.35,106,1.74,0.25,2.6628,0.96,2.7,3
1468,0.39,106,1.75,0.25,2.6645,0.96,2.7,3
1469,0.41,106,1.75,0.25,2.6647,0.41,0.0,0
1470,0.49,106,1.75,0.25,2.6660,0.41,0.0,0
1471,0.45,106,1.77,0.25,2.6658,0.41,0.0,0
1472,0.44,106,1.77,0.25,2.6664,0.41,0.0,0
1473,0.45,106,1.77,0.25,2.6698,0.41,0.0,0
1474,0.44,106,1.77,0.25,2.6729,0.41,0.0,0
1475,0.45,106,1.77,0.25,2.6775,0.41,0.0,0
1476,0.30,106,1.77,0.25,2.6807,0.41,0.0,0
1477,0.27,106,1.78,0.25,2.6814,0.41,0.0,0
1478,0.29,106,1.78,0.25,2.6827,0.41,0.0,0
1479,0.29,106,1.80,0.25,2.6884,0.41,0.0,0
1480,0.27,106,1.80,0.25,2.6926,0.41,0.0,0
1481,0.29,106,1.80,0.25,2.6964,0.41,0.0,0
1482,0.31,106,1.80,0.25,2.7003,0.41,0.0,0
1483,0.30,106,1.80,0.25,2.7048,0.00,0.0,0
1484,0.29,106,1.81,0.25,2.7070,0.00,0.0,0
1485,0.27,106,1.81,0.25,2.7095,0.00,0.0,0
1486,0.27,106,1.81,0.25,2.7118,0.00,0.0,0
1487,0.27,106,1.81,0.25,2.7137,0.00,0.0,0
1488,0.28,106,1.81,0.25,2.7158,0.00,0.0,0
1489,0.25,106,1.82,0.25,2.7175,0.00,0.0,0
1490,0.23,106,1.82,0.25,2.7196,0.00,0.0,0
1491,0.26,106,1.82,0.25,2.7207,0.00,0.0,0
1492,0.25,106,1.84,0.25,2.7220,0.00,0.0,0
1493,0.25,106,1.84,0.25,2.7235,0.00,0.0,0
1494,0.23,106,1.85,0.25,2.7241,0.00,0.0,0
1495,0.24,106,1.85,0.25,2.7253,0.00,0.0,0
1496,0.27,106,1.85,0.25,2.7266,0.00,0.0,0
1497,0.33,106,1.87,0.25,2.7293,1.59,3.4,3
1498,0.28,106,1.88,0.25,2.7369,1.59,3.4,3
1499,0.24,106,1.88,0.25,2.7459,1.59,3.4,3
1500,0.06,107,1.93,0.25,2.7545,1.59,3.4,3
1501,0.25,107,1.94,0.25,2.7667,1.59,3.4,3
1502,0.29,107,1.94,0.25,2.7806,1.59,3.4,3
1503,0.33,107,1.96,0.25,2.7916,1.59,3.4,3
1504,0.31,107,1.96,0.25,2.8023,1.59,3.4,3
1505,0.30,107,1.96,0.25,2.8125,1.59,3.4,3
1506,0.30,107,1.96,0.25,2.8212,1.59,3.4,3
1507,0.31,107,1.96,0.25,2.8299,1.59,3.4,3
1508,0.31,107,1.96,0.25,2.8411,1.59,3.4,3
1509,0.31,107,1.96,0.25,2.8459,1.59,3.4,3
1510,0.31,107,1.96,0.25,2.8436,1.59,3.4,3
1511,0.29,107,1.96,0.17,2.8485,1.59,3.4,3
1512,0.30,107,1.97,0.17,2.8560,1.59,3.4,3
1513,0.33,107,1.97,0.17,2.8608,1.08,3.4,3
1514,0.32,107,1.99,0.17,2.8541,1.08,3.4,3
1515,0.33,107,1.99,0.17,2.8503,1.08,3.4,3
1516,0.34,107,1.99,0.17,2.8540,1.08,3.4,3
1517,0.34,107,1.99,0.17,2.8606,1.08,3.4,3
1518,0.35,107,1.99,0.17,2.8655,1.08,3.4,3
1519,0.35,107,1.85,0.17,2.8694,1.08,3.4,3
1520,0.35,107,1.85,0.17,2.8680,1.08,3.4,3
1521,0.35,107,1.85,0.17,2.8639,1.08,3.4,3
1522,0.37,107,1.85,0.17,2.8660,1.08,3.4,3
1523,0.37,107,1.85,0.17,2.8720,1.08,3.4,3
1524,0.36,107,1.85,0.17,2.8750,1.08,3.4,3
1525,0.32,107,1.85,0.17,2.8801,1.08,3.4,3
1526,0.35,107,1.85,0.17,2.8850,1.08,3.4,3
1527,0.35,107,1.85,0.17,2.8865,1.08,3.4,3
1528,0.34,107,1.85,0.17,2.8892,1.08,3.4,3
1529,0.34,107,1.85,0.17,2.8949,1.08,3.4,3
1530,0.35,107,1.85,0.17,2.8987,1.05,2.7,3
1531,0.33,107,1.85,0.17,2.8970,1.05,2.7,3
1532,0.34,107,1.85,0.17,2.8987,1.05,2.7,3
1533,0.05,108,1.86,0.17,2.9015,1.05,2.7,3
1534,0.04,108,1.86,0.17,2.9059,1.05,2.7,3
1535,0.26,108,1.86,0.17,2.9102,1.05,2.7,3
1536,0.28,108,1.86,0.17,2.9150,1.05,2.7,3
1537,0.33,108,1.86,0.17,2.9183,1.05,2.7,3
1538,0.33,108,1.86,0.17,2.9011,1.05,2.7,3
1539,0.35,108,1.86,0.17,2.9047,1.05,2.7,3
1540,0.37,108,1.86,0.17,2.9070,1.05,2.7,3
1541,0.35,108,1.86,0.17,2.9107,1.05,2.7,3
1542,0.34,108,1.86,0.17,2.9128,1.05,2.7,3
1543,0.36,108,1.86,0.17,2.9181,1.05,2.7,3
1544,0.37,108,1.86,0.17,2.9197,1.05,2.7,3
1545,0.38,108,1.86,0.17,2.9076,1.05,2.7,3
1546,0.39,108,1.86,0.17,2.9069,0.82,1.5,3
1547,0.38,108,1.86,0.17,2.9109,0.82,1.5,3
1548,0.39,108,1.86,0.17,2.9182,0.82,1.5,3
1549,0.37,108,1.86,0.17,2.9146,0.82,1.5,3
1550,0.35,108,1.86,0.17,2.9100,0.82,1.5,3
1551,0.37,108,1.86,0.17,2.9059,0.82,1.5,3
1552,0.36,108,1.86,0.17,2.9105,0.82,1.5,3
1553,0.37,108,1.86,0.17,2.9165,0.82,1.5,3
1554,0.36,108,1.86,0.17,2.9220,0.82,1.5,3
1555,0.36,108,1.86,0.17,2.9238,0.82,1.5,3
1556,0.37,108,1.86,0.17,2.9185,0.82,1.5,3
1557,0.36,108,1.86,0.17,2.9011,0.82,1.5,3
1558,0.35,108,1.86,0.17,2.9016,0.82,1.5,3
1559,0.36,108,1.86,0.17,2.9063,0.82,1.5,3
1560,0.37,108,1.86,0.17,2.9113,0.82,1.5,3
1561,0.35,108,1.86,0.17,2.9134,0.93,2.2,3
1562,0.05,109,1.86,0.17,2.9067,0.93,2.2,3
1563,0.03,109,1.86,0.17,2.8939,0.93,2.2,3
1564,0.26,109,1.86,0.17,2.8910,0.93,2.2,3
1565,0.31,109,1.86,0.17,2.8939,0.93,2.2,3
1566,0.35,109,1.86,0.17,2.8991,0.93,2.2,3
1567,0.33,109,1.86,0.17,2.9056,0.93,2.2,3
1568,0.33,109,1.86,0.17,2.9145,0.93,2.2,3
1569,0.34,109,1.86,0.17,2.9203,0.93,2.2,3
1570,0.34,109,1.86,0.17,2.9219,0.93,2.2,3
1571,0.35,109,1.86,0.17,2.9104,0.93,2.2,3
1572,0.33,109,1.86,0.17,2.9079,0.93,2.2,3
1573,0.33,109,1.86,0.17,2.9082,0.93,2.2,3
1574,0.37,109,1.86,0.17,2.9137,0.93,2.2,3
1575,0.35,109,1.86,0.17,2.9191,0.93,2.2,3
1576,0.34,109,1.86,0.17,2.9246,0.93,2.2,3
1577,0.38,109,1.86,0.17,2.9278,0.93,2.2,3
1578,0.36,109,1.86,0.17,2.9293,0.76,0.0,0
1579,0.34,109,1.86,0.17,2.9344,0.76,0.0,0
1580,0.34,109,1.86,0.17,2.9410,0.76,0.0,0
1581,0.32,109,1.86,0.17,2.9417,0.76,0.0,0
1582,0.34,109,1.86,0.17,2.9403,0.76,0.0,0
1583,0.33,109,1.86,0.17,2.9366,0.76,0.0,0
1584,0.39,109,1.86,0.17,2.9336,0.76,0.0,0
1585,0.36,109,1.82,0.17,2.9365,0.76,0.0,0
1586,0.37,109,1.82,0.17,2.9404,0.76,0.0,0
1587,0.36,109,1.82,0.17,2.9448,0.76,0.0,0
1588,0.12,110,1.81,0.17,2.9489,0.76,0.0,0
1589,0.07,110,1.81,0.17,2.9536,0.76,0.0,0
1590,0.09,110,1.81,0.17,2.9589,0.76,0.0,0
1591,0.20,110,1.81,0.17,2.9632,0.76,0.0,0
1592,0.21,110,1.81,0.17,2.9691,0.76,0.0,0
1593,0.26,110,1.81,0.17,2.9720,0.76,0.0,0
1594,0.25,110,1.81,0.17,2.9752,1.06,0.0,0
1595,0.35,110,1.81,0.17,2.9799,1.06,0.0,0
1596,0.37,110,1.81,0.17,2.9864,1.06,0.0,0
1597,0.32,110,1.81,0.17,2.9904,1.06,0.0,0
1598,0.34,110,1.81,0.17,2.9926,1.06,0.0,0
1599,0.37,110,1.81,0.17,2.9952,1.06,0.0,0
1600,0.34,110,1.81,0.17,2.9985,1.06,0.0,0
1601,0.05,111,1.79,0.17,3.0012,1.06,0.0,0
1602,0.11,111,1.79,0.17,3.0049,1.06,0.0,0
1603,0.29,111,1.79,0.17,3.0092,1.06,0.0,0
1604,0.33,111,1.79,0.17,3.0137,1.06,0.0,0
1605,0.33,111,1.79,0.17,3.0178,1.06,0.0,0
1606,0.35,111,1.79,0.17,3.0221,1.06,0.0,0
1607,0.36,111,1.79,0.17,3.0264,0.00,0.0,0
1608,0.34,111,1.79,0.17,3.0310,0.00,0.0,0
1609,0.33,111,1.79,0.17,3.0376,0.00,0.0,0
1610,0.04,112,1.77,0.17,3.0411,0.00,0.0,0
1611,0.21,112,1.77,0.17,3.0456,0.00,0.0,0
1612,0.33,112,1.77,0.17,3.0503,0.00,0.0,0
1613,0.37,112,1.77,0.17,3.0540,0.00,0.0,0
1614,0.07,113,1.76,0.17,3.0551,0.00,0.0,0
1615,0.06,113,1.76,0.17,3.0577,0.00,0.0,0
1616,0.36,113,1.76,0.17,3.0638,0.00,0.0,0
1617,0.39,113,1.76,0.17,3.0697,0.00,0.0,0
1618,0.39,113,1.76,0.17,3.0756,0.00,0.0,0
1619,0.39,113,1.76,0.17,3.0815,0.00,0.0,0
1620,0.32,113,1.76,0.17,3.0866,0.00,0.0,0
1621,0.07,114,1.74,0.17,3.0889,0.00,0.0,0
1622,0.26,114,1.74,0.17,3.0918,0.00,0.0,0
1623,0.29,114,1.74,0.17,3.0953,0.90,0.0,0
1624,0.34,114,1.74,0.17,3.0986,0.90,0.0,0
1625,0.35,114,1.74,0.17,3.1022,0.90,0.0,0
1626,0.36,114,1.74,0.17,3.1061,0.90,0.0,0
1627,0.34,114,1.74,0.17,3.1101,0.90,0.0,0
1628,0.37,114,1.74,0.17,3.1144,0.90,0.0,0
1629,0.36,114,1.76,0.17,3.1175,0.90,0.0,0
1630,0.36,114,1.76,0.17,3.1161,0.90,0.0,0
1631,0.35,114,1.76,0.17,3.1168,0.90,0.0,0
1632,0.34,114,1.76,0.17,3.1208,0.90,0.0,0
1633,0.36,114,1.76,0.17,3.1248,0.90,0.0,0
1634,0.34,114,1.76,0.17,3.1287,0.90,0.0,0
1635,0.33,114,1.77,0.17,3.1303,0.90,0.0,0
1636,0.35,114,1.77,0.17,3.1304,0.90,0.0,0
1637,0.35,114,1.77,0.17,3.1347,0.90,0.0,0
1638,0.35,114,1.77,0.17,3.1387,0.90,0.0,0
1639,0.37,114,1.77,0.17,3.1395,0.70,0.0,0
1640,0.36,114,1.79,0.17,3.1436,0.70,0.0,0
1641,0.37,114,1.79,0.17,3.1475,0.70,0.0,0
1642,0.35,114,1.79,0.17,3.1476,0.70,0.0,0
1643,0.36,114,1.79,0.17,3.1484,0.70,0.0,0
1644,0.37,114,1.79,0.17,3.1554,0.70,0.0,0
1645,0.34,114,1.80,0.17,3.1574,0.70,0.0,0
1646,0.36,114,1.80,0.17,3.1618,0.70,0.0,0
1647,0.36,114,1.82,0.17,3.1607,0.70,0.0,0
1648,0.36,114,1.82,0.17,3.1629,0.70,0.0,0
1649,0.35,114,1.82,0.17,3.1679,0.70,0.0,0
1650,0.35,114,1.82,0.17,3.1686,0.70,0.0,0
1651,0.05,115,1.82,0.17,3.1694,0.70,0.0,0
1652,0.27,115,1.83,0.17,3.1735,0.70,0.0,0
1653,0.30,115,1.83,0.17,3.1805,0.70,0.0,0
1654,0.30,115,1.85,0.17,3.1820,0.64,0.0,3
1655,0.30,115,1.85,0.17,3.1698,0.64,0.0,3
1656,0.29,115,1.85,0.17,3.1718,0.64,0.0,3
1657,0.29,115,1.85,0.17,3.1729,0.64,0.0,3
1658,0.29,115,1.85,0.17,3.1713,0.64,0.0,3
1659,0.28,115,1.85,0.17,3.1706,0.64,0.0,3
1660,0.26,115,1.85,0.17,3.1753,0.64,0.0,3
1661,0.27,115,1.85,0.17,3.1780,0.64,0.0,3
1662,0.28,115,1.85,0.17,3.1828,0.64,0.0,3
1663,0.30,115,1.85,0.17,3.1858,0.64,0.0,3
1664,0.32,115,1.85,0.17,3.1882,0.64,0.0,3
1665,0.30,115,1.85,0.17,3.1940,0.64,0.0,3
1666,0.33,115,1.85,0.17,3.1999,0.64,0.0,3
1667,0.33,115,1.85,0.17,3.2073,0.64,0.0,3
1668,0.31,115,1.85,0.17,3.2089,0.64,0.0,3
1669,0.28,115,1.85,0.17,3.2112,0.64,0.0,3
1670,0.27,115,1.85,0.17,3.2157,1.05,1.5,3
1671,0.29,115,1.85,0.17,3.2196,1.05,1.5,3
1672,0.27,115,1.85,0.17,3.2211,1.05,1.5,3
1673,0.28,115,1.87,0.17,3.2199,1.05,1.5,3
1674,0.29,115,1.87,0.17,3.2211,1.05,1.5,3
1675,0.30,115,1.87,0.17,3.2218,1.05,1.5,3
1676,0.31,115,1.87,0.17,3.2222,1.05,1.5,3
1677,0.29,115,1.87,0.17,3.2246,1.05,1.5,3
1678,0.28,115,1.87,0.17,3.2234,1.05,1.5,3
1679,0.21,115,1.87,0.17,3.2218,1.05,1.5,3
1680,0.04,116,1.87,0.17,3.2235,1.05,1.5,3
1681,0.09,116,1.87,0.17,3.2251,1.05,1.5,3
1682,0.23,116,1.87,0.17,3.2267,1.05,1.5,3
1683,0.27,116,1.87,0.17,3.2303,1.05,1.5,3
1684,0.33,116,1.87,0.17,3.2254,1.05,1.5,3
1685,0.36,116,1.89,0.17,3.2100,1.05,1.5,3
1686,0.38,116,1.89,0.17,3.2034,0.98,3.4,3
1687,0.40,116,1.89,0.17,3.2060,0.98,3.4,3
1688,0.38,116,1.89,0.17,3.2028,0.98,3.4,3
1689,0.41,116,1.89,0.17,3.2012,0.98,3.4,3
1690,0.41,116,1.89,0.17,3.2035,0.98,3.4,3
1691,0.45,116,1.89,0.17,3.2008,0.98,3.4,3
1692,0.43,116,1.89,0.17,3.1975,0.98,3.4,3
1693,0.44,116,1.89,0.17,3.1956,0.98,3.4,3
1694,0.39,116,1.89,0.17,3.1967,0.98,3.4,3
1695,0.39,116,1.89,0.17,3.1982,0.98,3.4,3
1696,0.43,116,1.89,0.17,3.2005,0.98,3.4,3
1697,0.44,116,1.89,0.17,3.2029,0.98,3.4,3
1698,0.41,116,1.89,0.17,3.2045,0.98,3.4,3
1699,0.39,116,1.89,0.17,3.2071,0.98,3.4,3
1700,0.36,116,1.91,0.17,3.2065,0.98,3.4,3
1701,0.38,116,1.91,0.17,3.2057,0.83,1.5,3
1702,0.39,116,1.91,0.17,3.2048,0.83,1.5,3
1703,0.38,116,1.91,0.17,3.2039,0.83,1.5,3
1704,0.41,116,1.91,0.17,3.1989,0.83,1.5,3
1705,0.41,116,1.91,0.17,3.1934,0.83,1.5,3
1706,0.40,116,1.91,0.17,3.1889,0.83,1.5,3
1707,0.30,116,1.91,0.17,3.1849,0.83,1.5,3
1708,0.33,116,1.93,0.17,3.1790,0.83,1.5,3
1709,0.30,116,1.93,0.17,3.1773,0.83,1.5,3
1710,0.32,116,1.93,0.17,3.1765,0.83,1.5,3
1711,0.30,116,1.93,0.17,3.1741,0.83,1.5,3
1712,0.06,117,1.94,0.17,3.1729,0.83,1.5,3
1713,0.06,117,1.94,0.17,3.1686,0.83,1.5,3
1714,0.16,117,1.94,0.17,3.1671,0.83,1.5,3
1715,0.22,117,1.94,0.17,3.1649,0.83,1.5,3
1716,0.28,117,1.94,0.17,3.1630,0.78,1.5,3
1717,0.30,117,1.94,0.17,3.1622,0.78,1.5,3
1718,0.29,117,1.94,0.17,3.1650,0.78,1.5,3
1719,0.28,117,1.22,0.17,3.1634,0.78,1.5,3
1720,0.28,117,1.22,0.17,3.1646,0.78,1.5,3
1721,0.29,117,1.22,0.17,3.1692,0.78,1.5,3
1722,0.29,117,1.22,0.17,3.1760,0.78,1.5,3
1723,0.29,117,1.22,0.17,3.1832,0.78,1.5,3
